stage,candidate,score,mean_cpg,min_cpg,win_fraction,params_json,RandomPlayer,RaisedPlayer,TightPassive,LooseAggr,Raise50,Raise90,PreflopAggroSticky,CallingStation,PressureFolder,ValueRegular,NittyValue,BalancedPressure,ShowdownRegular
coarse,1,523.365,433.99,89.375,0.7308,"{""belief_call_signal"": 0.05, ""belief_check_signal"": -0.03, ""belief_confidence_samples"": 18.0, ""belief_defense_call_scale"": 0.12, ""belief_defense_fold_scale"": 0.3, ""belief_defense_raise_scale"": 0.25, ""belief_late_street_scale"": 0.06, ""belief_pressure_call_scale"": 0.12, ""belief_pressure_fold_scale"": 0.25, ""belief_pressure_raise_scale"": 0.35, ""belief_raise_image_scale"": 0.1, ""belief_raise_signal"": 0.16, ""belief_tight_image_scale"": 0.14, ""belief_weight"": 0.18, ""exploit_enabled"": 1.0, ""field_guard"": 1.0, ""field_guard_strength"": 0.85, ""image_fold_call_scale"": 0.4, ""image_fold_reduce_fold_scale"": 0.7, ""image_raise_surprise_scale"": 0.5, ""maniac_call_boost"": 0.75, ""maniac_fold_cut"": 0.55, ""maniac_raise_cut"": 0.45, ""max_exploit_lambda"": 0.35, ""max_multiplier"": 1.0, ""max_shift"": 0.0, ""min_action_prob"": 0.01, ""min_exploit_signal"": 0.35, ""min_multiplier"": 1.0, ""min_samples"": 999.0, ""nit_facing_call_boost"": 0.25, ""nit_facing_fold_boost"": 0.65, ""nit_facing_raise_cut"": 0.45, ""nit_steal_boost"": 0.65, ""opp_raise_call_bonus"": 0.15, ""opp_raise_call_scale"": 1.4, ""opp_raise_deterrence"": 0.15, ""opp_raise_fold_scale"": 1.8, ""opp_raise_reraise_scale"": -0.4, ""overfolder_pressure_cut"": 0.2, ""overfolder_steal_boost"": 0.85, ""prior"": 1.0, ""station_call_boost"": 0.35, ""station_raise_cut"": 0.55, ""style_confidence_samples"": 28.0, ""style_min_samples"": 6.0, ""style_street_weight"": 0.45, ""vs_our_raise_fold_scale"": 1.0, ""vs_our_raise_reraise_deterrence"": 0.5}",775.625,89.375,621.25,620.625,840.625,210.625,298.75,431.25,979.375,171.875,195.0,276.875,130.625
coarse,2,112.308,362.933,-250.625,0.7163,"{""belief_call_signal"": 0.05, ""belief_check_signal"": -0.03, ""belief_confidence_samples"": 28.0, ""belief_defense_call_scale"": 0.08, ""belief_defense_fold_scale"": 0.18, ""belief_defense_raise_scale"": 0.16, ""belief_late_street_scale"": 0.06, ""belief_pressure_call_scale"": 0.06, ""belief_pressure_fold_scale"": 0.1, ""belief_pressure_raise_scale"": 0.18, ""belief_raise_image_scale"": 0.1, ""belief_raise_signal"": 0.16, ""belief_tight_image_scale"": 0.14, ""belief_weight"": 0.08, ""exploit_enabled"": 1.0, ""field_guard"": 1.0, ""field_guard_strength"": 0.85, ""image_fold_call_scale"": 0.1, ""image_fold_reduce_fold_scale"": 0.18, ""image_raise_surprise_scale"": 0.1, ""maniac_call_boost"": 0.45, ""maniac_fold_cut"": 0.3, ""maniac_raise_cut"": 0.5, ""max_exploit_lambda"": 0.18, ""max_multiplier"": 1.24, ""max_shift"": 0.18, ""min_action_prob"": 0.01, ""min_exploit_signal"": 0.35, ""min_multiplier"": 0.78, ""min_samples"": 10.0, ""nit_facing_call_boost"": 0.2, ""nit_facing_fold_boost"": 0.8, ""nit_facing_raise_cut"": 0.7, ""nit_steal_boost"": 0.25, ""opp_raise_call_bonus"": 0.02, ""opp_raise_call_scale"": 0.45, ""opp_raise_deterrence"": 0.5, ""opp_raise_fold_scale"": 0.3, ""opp_raise_reraise_scale"": -0.55, ""overfolder_pressure_cut"": 0.35, ""overfolder_steal_boost"": 0.3, ""prior"": 2.0, ""station_call_boost"": 0.2, ""station_raise_cut"": 0.65, ""style_confidence_samples"": 45.0, ""style_min_samples"": 10.0, ""style_street_weight"": 0.45, ""vs_our_raise_fold_scale"": 0.35, ""vs_our_raise_reraise_deterrence"": 0.95}",830.625,-213.125,688.125,538.75,680.625,425.0,284.375,563.125,939.375,11.875,-250.625,43.125,176.875
coarse,3,226.442,436.442,-210.0,0.7308,"{""belief_call_signal"": 0.05, ""belief_check_signal"": -0.03, ""belief_confidence_samples"": 28.0, ""belief_defense_call_scale"": 0.08, ""belief_defense_fold_scale"": 0.18, ""belief_defense_raise_scale"": 0.16, ""belief_late_street_scale"": 0.06, ""belief_pressure_call_scale"": 0.06, ""belief_pressure_fold_scale"": 0.1, ""belief_pressure_raise_scale"": 0.18, ""belief_raise_image_scale"": 0.1, ""belief_raise_signal"": 0.16, ""belief_tight_image_scale"": 0.14, ""belief_weight"": 0.08, ""exploit_enabled"": 1.0, ""field_guard"": 1.0, ""field_guard_strength"": 0.85, ""image_fold_call_scale"": 0.1, ""image_fold_reduce_fold_scale"": 0.18, ""image_raise_surprise_scale"": 0.1, ""maniac_call_boost"": 0.45, ""maniac_fold_cut"": 0.3, ""maniac_raise_cut"": 0.5, ""max_exploit_lambda"": 0.1, ""max_multiplier"": 1.24, ""max_shift"": 0.1, ""min_action_prob"": 0.01, ""min_exploit_signal"": 0.35, ""min_multiplier"": 0.78, ""min_samples"": 10.0, ""nit_facing_call_boost"": 0.2, ""nit_facing_fold_boost"": 0.8, ""nit_facing_raise_cut"": 0.7, ""nit_steal_boost"": 0.25, ""opp_raise_call_bonus"": 0.02, ""opp_raise_call_scale"": 0.45, ""opp_raise_deterrence"": 0.5, ""opp_raise_fold_scale"": 0.3, ""opp_raise_reraise_scale"": -0.55, ""overfolder_pressure_cut"": 0.35, ""overfolder_steal_boost"": 0.3, ""prior"": 2.0, ""station_call_boost"": 0.2, ""station_raise_cut"": 0.65, ""style_confidence_samples"": 55.0, ""style_min_samples"": 10.0, ""style_street_weight"": 0.45, ""vs_our_raise_fold_scale"": 0.35, ""vs_our_raise_reraise_deterrence"": 0.95}",951.25,318.125,539.375,761.875,916.875,185.625,120.0,530.0,926.25,145.625,402.5,-210.0,86.25
coarse,4,65.0,344.375,-279.375,0.6779,"{""belief_call_signal"": 0.05, ""belief_check_signal"": -0.03, ""belief_confidence_samples"": 28.0, ""belief_defense_call_scale"": 0.08, ""belief_defense_fold_scale"": 0.18, ""belief_defense_raise_scale"": 0.16, ""belief_late_street_scale"": 0.06, ""belief_pressure_call_scale"": 0.06, ""belief_pressure_fold_scale"": 0.1, ""belief_pressure_raise_scale"": 0.18, ""belief_raise_image_scale"": 0.1, ""belief_raise_signal"": 0.16, ""belief_tight_image_scale"": 0.14, ""belief_weight"": 0.08, ""exploit_enabled"": 1.0, ""field_guard"": 1.0, ""field_guard_strength"": 0.85, ""image_fold_call_scale"": 0.1, ""image_fold_reduce_fold_scale"": 0.18, ""image_raise_surprise_scale"": 0.1, ""maniac_call_boost"": 0.45, ""maniac_fold_cut"": 0.3, ""maniac_raise_cut"": 0.5, ""max_exploit_lambda"": 0.14, ""max_multiplier"": 1.24, ""max_shift"": 0.14, ""min_action_prob"": 0.01, ""min_exploit_signal"": 0.35, ""min_multiplier"": 0.78, ""min_samples"": 10.0, ""nit_facing_call_boost"": 0.2, ""nit_facing_fold_boost"": 0.8, ""nit_facing_raise_cut"": 0.7, ""nit_steal_boost"": 0.25, ""opp_raise_call_bonus"": 0.02, ""opp_raise_call_scale"": 0.45, ""opp_raise_deterrence"": 0.5, ""opp_raise_fold_scale"": 0.3, ""opp_raise_reraise_scale"": -0.55, ""overfolder_pressure_cut"": 0.35, ""overfolder_steal_boost"": 0.3, ""prior"": 2.0, ""station_call_boost"": 0.2, ""station_raise_cut"": 0.65, ""style_confidence_samples"": 50.0, ""style_min_samples"": 10.0, ""style_street_weight"": 0.45, ""vs_our_raise_fold_scale"": 0.35, ""vs_our_raise_reraise_deterrence"": 0.95}",868.125,40.0,360.0,191.875,856.25,520.0,61.875,506.25,954.375,81.875,313.75,1.875,-279.375
coarse,5,225.288,355.288,-130.0,0.7115,"{""belief_call_signal"": 0.05, ""belief_check_signal"": -0.03, ""belief_confidence_samples"": 28.0, ""belief_defense_call_scale"": 0.08, ""belief_defense_fold_scale"": 0.18, ""belief_defense_raise_scale"": 0.16, ""belief_late_street_scale"": 0.06, ""belief_pressure_call_scale"": 0.06, ""belief_pressure_fold_scale"": 0.1, ""belief_pressure_raise_scale"": 0.18, ""belief_raise_image_scale"": 0.1, ""belief_raise_signal"": 0.16, ""belief_tight_image_scale"": 0.14, ""belief_weight"": 0.08, ""exploit_enabled"": 1.0, ""field_guard"": 1.0, ""field_guard_strength"": 0.85, ""image_fold_call_scale"": 0.1, ""image_fold_reduce_fold_scale"": 0.18, ""image_raise_surprise_scale"": 0.1, ""maniac_call_boost"": 0.45, ""maniac_fold_cut"": 0.3, ""maniac_raise_cut"": 0.5, ""max_exploit_lambda"": 0.2, ""max_multiplier"": 1.24, ""max_shift"": 0.22, ""min_action_prob"": 0.01, ""min_exploit_signal"": 0.35, ""min_multiplier"": 0.78, ""min_samples"": 10.0, ""nit_facing_call_boost"": 0.2, ""nit_facing_fold_boost"": 0.8, ""nit_facing_raise_cut"": 0.7, ""nit_steal_boost"": 0.25, ""opp_raise_call_bonus"": 0.02, ""opp_raise_call_scale"": 0.45, ""opp_raise_deterrence"": 0.5, ""opp_raise_fold_scale"": 0.3, ""opp_raise_reraise_scale"": -0.55, ""overfolder_pressure_cut"": 0.35, ""overfolder_steal_boost"": 0.3, ""prior"": 2.0, ""station_call_boost"": 0.2, ""station_raise_cut"": 0.65, ""style_confidence_samples"": 42.0, ""style_min_samples"": 10.0, ""style_street_weight"": 0.45, ""vs_our_raise_fold_scale"": 0.35, ""vs_our_raise_reraise_deterrence"": 0.95}",984.375,-1.25,619.375,344.375,889.375,168.75,-130.0,501.25,961.25,110.0,183.125,-127.5,115.625
coarse,6,300.962,377.837,-76.875,0.7212,"{""belief_call_signal"": 0.05, ""belief_check_signal"": -0.03, ""belief_confidence_samples"": 28.0, ""belief_defense_call_scale"": 0.08, ""belief_defense_fold_scale"": 0.18, ""belief_defense_raise_scale"": 0.16, ""belief_late_street_scale"": 0.06, ""belief_pressure_call_scale"": 0.06, ""belief_pressure_fold_scale"": 0.1, ""belief_pressure_raise_scale"": 0.18, ""belief_raise_image_scale"": 0.1, ""belief_raise_signal"": 0.16, ""belief_tight_image_scale"": 0.14, ""belief_weight"": 0.08, ""exploit_enabled"": 1.0, ""field_guard"": 1.0, ""field_guard_strength"": 0.85, ""image_fold_call_scale"": 0.1, ""image_fold_reduce_fold_scale"": 0.18, ""image_raise_surprise_scale"": 0.1, ""maniac_call_boost"": 0.45, ""maniac_fold_cut"": 0.3, ""maniac_raise_cut"": 0.5, ""max_exploit_lambda"": 0.24, ""max_multiplier"": 1.24, ""max_shift"": 0.28, ""min_action_prob"": 0.01, ""min_exploit_signal"": 0.35, ""min_multiplier"": 0.78, ""min_samples"": 10.0, ""nit_facing_call_boost"": 0.2, ""nit_facing_fold_boost"": 0.8, ""nit_facing_raise_cut"": 0.7, ""nit_steal_boost"": 0.25, ""opp_raise_call_bonus"": 0.02, ""opp_raise_call_scale"": 0.45, ""opp_raise_deterrence"": 0.5, ""opp_raise_fold_scale"": 0.3, ""opp_raise_reraise_scale"": -0.55, ""overfolder_pressure_cut"": 0.35, ""overfolder_steal_boost"": 0.3, ""prior"": 2.0, ""station_call_boost"": 0.2, ""station_raise_cut"": 0.65, ""style_confidence_samples"": 36.0, ""style_min_samples"": 10.0, ""style_street_weight"": 0.45, ""vs_our_raise_fold_scale"": 0.35, ""vs_our_raise_reraise_deterrence"": 0.95}",945.625,-5.0,396.25,233.125,980.0,-76.875,220.0,747.5,911.875,68.75,196.875,123.125,170.625
coarse,7,273.798,384.423,-110.625,0.6971,"{""belief_call_signal"": 0.05, ""belief_check_signal"": -0.03, ""belief_confidence_samples"": 999.0, ""belief_defense_call_scale"": 0.08, ""belief_defense_fold_scale"": 0.18, ""belief_defense_raise_scale"": 0.16, ""belief_late_street_scale"": 0.06, ""belief_pressure_call_scale"": 0.06, ""belief_pressure_fold_scale"": 0.1, ""belief_pressure_raise_scale"": 0.18, ""belief_raise_image_scale"": 0.1, ""belief_raise_signal"": 0.16, ""belief_tight_image_scale"": 0.14, ""belief_weight"": 0.0, ""exploit_enabled"": 1.0, ""field_guard"": 1.0, ""field_guard_strength"": 0.85, ""image_fold_call_scale"": 0.1, ""image_fold_reduce_fold_scale"": 0.18, ""image_raise_surprise_scale"": 0.1, ""maniac_call_boost"": 0.45, ""maniac_fold_cut"": 0.3, ""maniac_raise_cut"": 0.5, ""max_exploit_lambda"": 0.18, ""max_multiplier"": 1.24, ""max_shift"": 0.18, ""min_action_prob"": 0.01, ""min_exploit_signal"": 0.35, ""min_multiplier"": 0.78, ""min_samples"": 10.0, ""nit_facing_call_boost"": 0.2, ""nit_facing_fold_boost"": 0.8, ""nit_facing_raise_cut"": 0.7, ""nit_steal_boost"": 0.25, ""opp_raise_call_bonus"": 0.02, ""opp_raise_call_scale"": 0.45, ""opp_raise_deterrence"": 0.5, ""opp_raise_fold_scale"": 0.3, ""opp_raise_reraise_scale"": -0.55, ""overfolder_pressure_cut"": 0.35, ""overfolder_steal_boost"": 0.3, ""prior"": 2.0, ""station_call_boost"": 0.2, ""station_raise_cut"": 0.65, ""style_confidence_samples"": 45.0, ""style_min_samples"": 10.0, ""style_street_weight"": 0.45, ""vs_our_raise_fold_scale"": 0.35, ""vs_our_raise_reraise_deterrence"": 0.95}",920.625,-110.625,813.125,166.875,863.75,191.875,376.875,272.5,992.5,-57.5,273.75,175.0,118.75
coarse,8,15.913,337.163,-321.25,0.6683,"{""belief_call_signal"": 0.05, ""belief_check_signal"": -0.03, ""belief_confidence_samples"": 40.0, ""belief_defense_call_scale"": 0.08, ""belief_defense_fold_scale"": 0.18, ""belief_defense_raise_scale"": 0.16, ""belief_late_street_scale"": 0.06, ""belief_pressure_call_scale"": 0.06, ""belief_pressure_fold_scale"": 0.1, ""belief_pressure_raise_scale"": 0.18, ""belief_raise_image_scale"": 0.1, ""belief_raise_signal"": 0.16, ""belief_tight_image_scale"": 0.14, ""belief_weight"": 0.05, ""exploit_enabled"": 1.0, ""field_guard"": 1.0, ""field_guard_strength"": 0.85, ""image_fold_call_scale"": 0.1, ""image_fold_reduce_fold_scale"": 0.18, ""image_raise_surprise_scale"": 0.1, ""maniac_call_boost"": 0.45, ""maniac_fold_cut"": 0.3, ""maniac_raise_cut"": 0.5, ""max_exploit_lambda"": 0.18, ""max_multiplier"": 1.24, ""max_shift"": 0.18, ""min_action_prob"": 0.01, ""min_exploit_signal"": 0.35, ""min_multiplier"": 0.78, ""min_samples"": 10.0, ""nit_facing_call_boost"": 0.2, ""nit_facing_fold_boost"": 0.8, ""nit_facing_raise_cut"": 0.7, ""nit_steal_boost"": 0.25, ""opp_raise_call_bonus"": 0.02, ""opp_raise_call_scale"": 0.45, ""opp_raise_deterrence"": 0.5, ""opp_raise_fold_scale"": 0.3, ""opp_raise_reraise_scale"": -0.55, ""overfolder_pressure_cut"": 0.35, ""overfolder_steal_boost"": 0.3, ""prior"": 2.0, ""station_call_boost"": 0.2, ""station_raise_cut"": 0.65, ""style_confidence_samples"": 45.0, ""style_min_samples"": 10.0, ""style_street_weight"": 0.45, ""vs_our_raise_fold_scale"": 0.35, ""vs_our_raise_reraise_deterrence"": 0.95}",795.625,-46.25,701.25,285.0,739.375,237.5,384.375,306.875,950.625,11.875,222.5,-321.25,115.625
coarse,9,508.173,447.548,60.625,0.7452,"{""belief_call_signal"": 0.05, ""belief_check_signal"": -0.03, ""belief_confidence_samples"": 32.0, ""belief_defense_call_scale"": 0.08, ""belief_defense_fold_scale"": 0.18, ""belief_defense_raise_scale"": 0.16, ""belief_late_street_scale"": 0.06, ""belief_pressure_call_scale"": 0.06, ""belief_pressure_fold_scale"": 0.1, ""belief_pressure_raise_scale"": 0.18, ""belief_raise_image_scale"": 0.1, ""belief_raise_signal"": 0.16, ""belief_tight_image_scale"": 0.14, ""belief_weight"": 0.1, ""exploit_enabled"": 1.0, ""field_guard"": 1.0, ""field_guard_strength"": 0.85, ""image_fold_call_scale"": 0.1, ""image_fold_reduce_fold_scale"": 0.18, ""image_raise_surprise_scale"": 0.1, ""maniac_call_boost"": 0.45, ""maniac_fold_cut"": 0.3, ""maniac_raise_cut"": 0.5, ""max_exploit_lambda"": 0.18, ""max_multiplier"": 1.24, ""max_shift"": 0.18, ""min_action_prob"": 0.01, ""min_exploit_signal"": 0.35, ""min_multiplier"": 0.78, ""min_samples"": 10.0, ""nit_facing_call_boost"": 0.2, ""nit_facing_fold_boost"": 0.8, ""nit_facing_raise_cut"": 0.7, ""nit_steal_boost"": 0.25, ""opp_raise_call_bonus"": 0.02, ""opp_raise_call_scale"": 0.45, ""opp_raise_deterrence"": 0.5, ""opp_raise_fold_scale"": 0.3, ""opp_raise_reraise_scale"": -0.55, ""overfolder_pressure_cut"": 0.35, ""overfolder_steal_boost"": 0.3, ""prior"": 2.0, ""station_call_boost"": 0.2, ""station_raise_cut"": 0.65, ""style_confidence_samples"": 45.0, ""style_min_samples"": 10.0, ""style_street_weight"": 0.45, ""vs_our_raise_fold_scale"": 0.35, ""vs_our_raise_reraise_deterrence"": 0.95}",736.25,184.375,470.625,318.125,811.25,373.125,280.0,461.875,971.25,315.625,60.625,354.375,480.625
coarse,10,299.712,403.462,-103.75,0.7067,"{""belief_call_signal"": 0.05, ""belief_check_signal"": -0.03, ""belief_confidence_samples"": 24.0, ""belief_defense_call_scale"": 0.08, ""belief_defense_fold_scale"": 0.18, ""belief_defense_raise_scale"": 0.16, ""belief_late_street_scale"": 0.06, ""belief_pressure_call_scale"": 0.06, ""belief_pressure_fold_scale"": 0.1, ""belief_pressure_raise_scale"": 0.18, ""belief_raise_image_scale"": 0.1, ""belief_raise_signal"": 0.16, ""belief_tight_image_scale"": 0.14, ""belief_weight"": 0.16, ""exploit_enabled"": 1.0, ""field_guard"": 1.0, ""field_guard_strength"": 0.85, ""image_fold_call_scale"": 0.1, ""image_fold_reduce_fold_scale"": 0.18, ""image_raise_surprise_scale"": 0.1, ""maniac_call_boost"": 0.45, ""maniac_fold_cut"": 0.3, ""maniac_raise_cut"": 0.5, ""max_exploit_lambda"": 0.18, ""max_multiplier"": 1.24, ""max_shift"": 0.18, ""min_action_prob"": 0.01, ""min_exploit_signal"": 0.35, ""min_multiplier"": 0.78, ""min_samples"": 10.0, ""nit_facing_call_boost"": 0.2, ""nit_facing_fold_boost"": 0.8, ""nit_facing_raise_cut"": 0.7, ""nit_steal_boost"": 0.25, ""opp_raise_call_bonus"": 0.02, ""opp_raise_call_scale"": 0.45, ""opp_raise_deterrence"": 0.5, ""opp_raise_fold_scale"": 0.3, ""opp_raise_reraise_scale"": -0.55, ""overfolder_pressure_cut"": 0.35, ""overfolder_steal_boost"": 0.3, ""prior"": 2.0, ""station_call_boost"": 0.2, ""station_raise_cut"": 0.65, ""style_confidence_samples"": 45.0, ""style_min_samples"": 10.0, ""style_street_weight"": 0.45, ""vs_our_raise_fold_scale"": 0.35, ""vs_our_raise_reraise_deterrence"": 0.95}",813.75,40.625,484.375,357.5,880.625,253.75,741.25,459.375,942.5,-99.375,193.125,-103.75,281.25
coarse,11,517.212,471.587,45.625,0.75,"{""belief_call_signal"": 0.05, ""belief_check_signal"": -0.03, ""belief_confidence_samples"": 48.0, ""belief_defense_call_scale"": 0.08, ""belief_defense_fold_scale"": 0.18, ""belief_defense_raise_scale"": 0.16, ""belief_late_street_scale"": 0.06, ""belief_pressure_call_scale"": 0.06, ""belief_pressure_fold_scale"": 0.1, ""belief_pressure_raise_scale"": 0.18, ""belief_raise_image_scale"": 0.1, ""belief_raise_signal"": 0.16, ""belief_tight_image_scale"": 0.14, ""belief_weight"": 0.04, ""exploit_enabled"": 1.0, ""field_guard"": 1.0, ""field_guard_strength"": 0.85, ""image_fold_call_scale"": 0.1, ""image_fold_reduce_fold_scale"": 0.18, ""image_raise_surprise_scale"": 0.1, ""maniac_call_boost"": 0.45, ""maniac_fold_cut"": 0.3, ""maniac_raise_cut"": 0.5, ""max_exploit_lambda"": 0.08, ""max_multiplier"": 1.14, ""max_shift"": 0.08, ""min_action_prob"": 0.01, ""min_exploit_signal"": 0.35, ""min_multiplier"": 0.88, ""min_samples"": 14.0, ""nit_facing_call_boost"": 0.2, ""nit_facing_fold_boost"": 0.8, ""nit_facing_raise_cut"": 0.7, ""nit_steal_boost"": 0.25, ""opp_raise_call_bonus"": 0.02, ""opp_raise_call_scale"": 0.45, ""opp_raise_deterrence"": 0.5, ""opp_raise_fold_scale"": 0.3, ""opp_raise_reraise_scale"": -0.55, ""overfolder_pressure_cut"": 0.35, ""overfolder_steal_boost"": 0.3, ""prior"": 2.0, ""station_call_boost"": 0.2, ""station_raise_cut"": 0.65, ""style_confidence_samples"": 60.0, ""style_min_samples"": 14.0, ""style_street_weight"": 0.45, ""vs_our_raise_fold_scale"": 0.35, ""vs_our_raise_reraise_deterrence"": 0.95}",849.375,133.125,734.375,228.75,933.75,524.375,453.75,820.625,961.25,184.375,214.375,46.875,45.625
coarse,12,338.75,428.75,-90.0,0.7452,"{""belief_call_signal"": 0.05, ""belief_check_signal"": -0.03, ""belief_confidence_samples"": 32.0, ""belief_defense_call_scale"": 0.12, ""belief_defense_fold_scale"": 0.3, ""belief_defense_raise_scale"": 0.25, ""belief_late_street_scale"": 0.06, ""belief_pressure_call_scale"": 0.12, ""belief_pressure_fold_scale"": 0.25, ""belief_pressure_raise_scale"": 0.35, ""belief_raise_image_scale"": 0.1, ""belief_raise_signal"": 0.16, ""belief_tight_image_scale"": 0.14, ""belief_weight"": 0.1, ""exploit_enabled"": 1.0, ""field_guard"": 1.0, ""field_guard_strength"": 0.85, ""image_fold_call_scale"": 0.15, ""image_fold_reduce_fold_scale"": 0.25, ""image_raise_surprise_scale"": 0.2, ""maniac_call_boost"": 0.75, ""maniac_fold_cut"": 0.55, ""maniac_raise_cut"": 0.45, ""max_exploit_lambda"": 0.35, ""max_multiplier"": 1.2, ""max_shift"": 0.12, ""min_action_prob"": 0.01, ""min_exploit_signal"": 0.35, ""min_multiplier"": 0.8, ""min_samples"": 12.0, ""nit_facing_call_boost"": 0.25, ""nit_facing_fold_boost"": 0.65, ""nit_facing_raise_cut"": 0.45, ""nit_steal_boost"": 0.65, ""opp_raise_call_bonus"": 0.05, ""opp_raise_call_scale"": 0.7, ""opp_raise_deterrence"": 0.3, ""opp_raise_fold_scale"": 0.7, ""opp_raise_reraise_scale"": 0.35, ""overfolder_pressure_cut"": 0.2, ""overfolder_steal_boost"": 0.85, ""prior"": 2.0, ""station_call_boost"": 0.35, ""station_raise_cut"": 0.55, ""style_confidence_samples"": 28.0, ""style_min_samples"": 6.0, ""style_street_weight"": 0.45, ""vs_our_raise_fold_scale"": 0.55, ""vs_our_raise_reraise_deterrence"": 0.8}",893.125,-90.0,795.0,549.375,899.375,7.5,443.75,465.625,938.75,140.625,64.375,253.75,212.5
coarse,13,191.106,429.856,-238.75,0.7452,"{""belief_call_signal"": 0.05, ""belief_check_signal"": -0.03, ""belief_confidence_samples"": 32.0, ""belief_defense_call_scale"": 0.12, ""belief_defense_fold_scale"": 0.3, ""belief_defense_raise_scale"": 0.25, ""belief_late_street_scale"": 0.06, ""belief_pressure_call_scale"": 0.12, ""belief_pressure_fold_scale"": 0.25, ""belief_pressure_raise_scale"": 0.35, ""belief_raise_image_scale"": 0.1, ""belief_raise_signal"": 0.16, ""belief_tight_image_scale"": 0.14, ""belief_weight"": 0.1, ""exploit_enabled"": 1.0, ""field_guard"": 1.0, ""field_guard_strength"": 0.85, ""image_fold_call_scale"": 0.15, ""image_fold_reduce_fold_scale"": 0.25, ""image_raise_surprise_scale"": 0.2, ""maniac_call_boost"": 0.75, ""maniac_fold_cut"": 0.55, ""maniac_raise_cut"": 0.45, ""max_exploit_lambda"": 0.35, ""max_multiplier"": 1.35, ""max_shift"": 0.2, ""min_action_prob"": 0.01, ""min_exploit_signal"": 0.35, ""min_multiplier"": 0.7, ""min_samples"": 8.0, ""nit_facing_call_boost"": 0.25, ""nit_facing_fold_boost"": 0.65, ""nit_facing_raise_cut"": 0.45, ""nit_steal_boost"": 0.65, ""opp_raise_call_bonus"": 0.05, ""opp_raise_call_scale"": 0.7, ""opp_raise_deterrence"": 0.3, ""opp_raise_fold_scale"": 0.7, ""opp_raise_reraise_scale"": 0.35, ""overfolder_pressure_cut"": 0.2, ""overfolder_steal_boost"": 0.85, ""prior"": 2.0, ""station_call_boost"": 0.35, ""station_raise_cut"": 0.55, ""style_confidence_samples"": 28.0, ""style_min_samples"": 6.0, ""style_street_weight"": 0.45, ""vs_our_raise_fold_scale"": 0.55, ""vs_our_raise_reraise_deterrence"": 0.8}",987.5,359.375,596.875,383.125,601.25,420.0,340.0,363.125,970.0,290.0,-238.75,476.875,38.75
coarse,14,300.817,475.817,-175.0,0.7596,"{""belief_call_signal"": 0.05, ""belief_check_signal"": -0.03, ""belief_confidence_samples"": 32.0, ""belief_defense_call_scale"": 0.12, ""belief_defense_fold_scale"": 0.3, ""belief_defense_raise_scale"": 0.25, ""belief_late_street_scale"": 0.06, ""belief_pressure_call_scale"": 0.12, ""belief_pressure_fold_scale"": 0.25, ""belief_pressure_raise_scale"": 0.35, ""belief_raise_image_scale"": 0.1, ""belief_raise_signal"": 0.16, ""belief_tight_image_scale"": 0.14, ""belief_weight"": 0.1, ""exploit_enabled"": 1.0, ""field_guard"": 1.0, ""field_guard_strength"": 0.85, ""image_fold_call_scale"": 0.15, ""image_fold_reduce_fold_scale"": 0.25, ""image_raise_surprise_scale"": 0.2, ""maniac_call_boost"": 0.75, ""maniac_fold_cut"": 0.55, ""maniac_raise_cut"": 0.45, ""max_exploit_lambda"": 0.35, ""max_multiplier"": 1.45, ""max_shift"": 0.25, ""min_action_prob"": 0.01, ""min_exploit_signal"": 0.35, ""min_multiplier"": 0.65, ""min_samples"": 6.0, ""nit_facing_call_boost"": 0.25, ""nit_facing_fold_boost"": 0.65, ""nit_facing_raise_cut"": 0.45, ""nit_steal_boost"": 0.65, ""opp_raise_call_bonus"": -0.15, ""opp_raise_call_scale"": -0.7, ""opp_raise_deterrence"": 0.45, ""opp_raise_fold_scale"": -1.0, ""opp_raise_reraise_scale"": -0.4, ""overfolder_pressure_cut"": 0.2, ""overfolder_steal_boost"": 0.85, ""prior"": 2.0, ""station_call_boost"": 0.35, ""station_raise_cut"": 0.55, ""style_confidence_samples"": 28.0, ""style_min_samples"": 6.0, ""style_street_weight"": 0.45, ""vs_our_raise_fold_scale"": 0.55, ""vs_our_raise_reraise_deterrence"": 0.8}",942.5,181.25,682.5,584.375,736.25,380.0,388.125,789.375,945.0,120.625,275.0,-175.0,335.625
coarse,15,378.125,433.75,-55.625,0.7548,"{""belief_call_signal"": 0.05, ""belief_check_signal"": -0.03, ""belief_confidence_samples"": 32.0, ""belief_defense_call_scale"": 0.12, ""belief_defense_fold_scale"": 0.3, ""belief_defense_raise_scale"": 0.25, ""belief_late_street_scale"": 0.06, ""belief_pressure_call_scale"": 0.12, ""belief_pressure_fold_scale"": 0.25, ""belief_pressure_raise_scale"": 0.35, ""belief_raise_image_scale"": 0.1, ""belief_raise_signal"": 0.16, ""belief_tight_image_scale"": 0.14, ""belief_weight"": 0.1, ""exploit_enabled"": 1.0, ""field_guard"": 1.0, ""field_guard_strength"": 0.85, ""image_fold_call_scale"": 0.15, ""image_fold_reduce_fold_scale"": 0.25, ""image_raise_surprise_scale"": 0.2, ""maniac_call_boost"": 0.75, ""maniac_fold_cut"": 0.55, ""maniac_raise_cut"": 0.45, ""max_exploit_lambda"": 0.35, ""max_multiplier"": 1.6, ""max_shift"": 0.35, ""min_action_prob"": 0.01, ""min_exploit_signal"": 0.35, ""min_multiplier"": 0.55, ""min_samples"": 4.0, ""nit_facing_call_boost"": 0.25, ""nit_facing_fold_boost"": 0.65, ""nit_facing_raise_cut"": 0.45, ""nit_steal_boost"": 0.65, ""opp_raise_call_bonus"": -0.25, ""opp_raise_call_scale"": -1.0, ""opp_raise_deterrence"": 0.65, ""opp_raise_fold_scale"": -1.4, ""opp_raise_reraise_scale"": -0.6, ""overfolder_pressure_cut"": 0.2, ""overfolder_steal_boost"": 0.85, ""prior"": 2.0, ""station_call_boost"": 0.35, ""station_raise_cut"": 0.55, ""style_confidence_samples"": 28.0, ""style_min_samples"": 6.0, ""style_street_weight"": 0.45, ""vs_our_raise_fold_scale"": 0.55, ""vs_our_raise_reraise_deterrence"": 0.8}",911.25,349.375,428.75,453.125,906.875,215.0,480.0,670.625,968.75,-55.625,255.0,49.375,6.25
coarse,16,352.981,469.231,-116.25,0.75,"{""belief_call_signal"": 0.05, ""belief_check_signal"": -0.03, ""belief_confidence_samples"": 18.0, ""belief_defense_call_scale"": 0.12, ""belief_defense_fold_scale"": 0.3, ""belief_defense_raise_scale"": 0.25, ""belief_late_street_scale"": 0.06, ""belief_pressure_call_scale"": 0.12, ""belief_pressure_fold_scale"": 0.25, ""belief_pressure_raise_scale"": 0.35, ""belief_raise_image_scale"": 0.1, ""belief_raise_signal"": 0.16, ""belief_tight_image_scale"": 0.14, ""belief_weight"": 0.18, ""exploit_enabled"": 1.0, ""field_guard"": 1.0, ""field_guard_strength"": 0.85, ""image_fold_call_scale"": 0.4, ""image_fold_reduce_fold_scale"": 0.7, ""image_raise_surprise_scale"": 0.5, ""maniac_call_boost"": 0.75, ""maniac_fold_cut"": 0.55, ""maniac_raise_cut"": 0.45, ""max_exploit_lambda"": 0.35, ""max_multiplier"": 1.7, ""max_shift"": 0.3, ""min_action_prob"": 0.01, ""min_exploit_signal"": 0.35, ""min_multiplier"": 0.45, ""min_samples"": 2.0, ""nit_facing_call_boost"": 0.25, ""nit_facing_fold_boost"": 0.65, ""nit_facing_raise_cut"": 0.45, ""nit_steal_boost"": 0.65, ""opp_raise_call_bonus"": 0.15, ""opp_raise_call_scale"": 1.4, ""opp_raise_deterrence"": 0.15, ""opp_raise_fold_scale"": 1.8, ""opp_raise_reraise_scale"": -0.4, ""overfolder_pressure_cut"": 0.2, ""overfolder_steal_boost"": 0.85, ""prior"": 0.5, ""station_call_boost"": 0.35, ""station_raise_cut"": 0.55, ""style_confidence_samples"": 28.0, ""style_min_samples"": 6.0, ""style_street_weight"": 0.45, ""vs_our_raise_fold_scale"": 1.0, ""vs_our_raise_reraise_deterrence"": 0.5}",931.25,122.5,680.0,668.125,808.125,318.125,102.5,751.875,991.25,-116.25,250.625,346.875,245.0
coarse,17,139.567,454.567,-315.0,0.726,"{""belief_call_signal"": 0.05, ""belief_check_signal"": -0.03, ""belief_confidence_samples"": 18.0, ""belief_defense_call_scale"": 0.12, ""belief_defense_fold_scale"": 0.3, ""belief_defense_raise_scale"": 0.25, ""belief_late_street_scale"": 0.06, ""belief_pressure_call_scale"": 0.12, ""belief_pressure_fold_scale"": 0.25, ""belief_pressure_raise_scale"": 0.35, ""belief_raise_image_scale"": 0.1, ""belief_raise_signal"": 0.16, ""belief_tight_image_scale"": 0.14, ""belief_weight"": 0.18, ""exploit_enabled"": 1.0, ""field_guard"": 1.0, ""field_guard_strength"": 0.85, ""image_fold_call_scale"": 0.4, ""image_fold_reduce_fold_scale"": 0.7, ""image_raise_surprise_scale"": 0.5, ""maniac_call_boost"": 0.75, ""maniac_fold_cut"": 0.55, ""maniac_raise_cut"": 0.45, ""max_exploit_lambda"": 0.35, ""max_multiplier"": 1.7, ""max_shift"": 0.45, ""min_action_prob"": 0.01, ""min_exploit_signal"": 0.35, ""min_multiplier"": 0.45, ""min_samples"": 2.0, ""nit_facing_call_boost"": 0.25, ""nit_facing_fold_boost"": 0.65, ""nit_facing_raise_cut"": 0.45, ""nit_steal_boost"": 0.65, ""opp_raise_call_bonus"": 0.15, ""opp_raise_call_scale"": 1.4, ""opp_raise_deterrence"": 0.15, ""opp_raise_fold_scale"": 1.8, ""opp_raise_reraise_scale"": -0.4, ""overfolder_pressure_cut"": 0.2, ""overfolder_steal_boost"": 0.85, ""prior"": 0.5, ""station_call_boost"": 0.35, ""station_raise_cut"": 0.55, ""style_confidence_samples"": 28.0, ""style_min_samples"": 6.0, ""style_street_weight"": 0.45, ""vs_our_raise_fold_scale"": 1.0, ""vs_our_raise_reraise_deterrence"": 0.5}",920.625,138.75,689.375,542.5,821.25,536.875,372.5,453.75,951.875,-315.0,347.5,258.75,190.625
coarse,18,294.856,472.981,-178.125,0.7596,"{""belief_call_signal"": 0.05, ""belief_check_signal"": -0.03, ""belief_confidence_samples"": 18.0, ""belief_defense_call_scale"": 0.12, ""belief_defense_fold_scale"": 0.3, ""belief_defense_raise_scale"": 0.25, ""belief_late_street_scale"": 0.06, ""belief_pressure_call_scale"": 0.12, ""belief_pressure_fold_scale"": 0.25, ""belief_pressure_raise_scale"": 0.35, ""belief_raise_image_scale"": 0.1, ""belief_raise_signal"": 0.16, ""belief_tight_image_scale"": 0.14, ""belief_weight"": 0.18, ""exploit_enabled"": 1.0, ""field_guard"": 1.0, ""field_guard_strength"": 0.85, ""image_fold_call_scale"": 0.4, ""image_fold_reduce_fold_scale"": 0.7, ""image_raise_surprise_scale"": 0.5, ""maniac_call_boost"": 0.75, ""maniac_fold_cut"": 0.55, ""maniac_raise_cut"": 0.45, ""max_exploit_lambda"": 0.35, ""max_multiplier"": 1.7, ""max_shift"": 0.6, ""min_action_prob"": 0.01, ""min_exploit_signal"": 0.35, ""min_multiplier"": 0.45, ""min_samples"": 2.0, ""nit_facing_call_boost"": 0.25, ""nit_facing_fold_boost"": 0.65, ""nit_facing_raise_cut"": 0.45, ""nit_steal_boost"": 0.65, ""opp_raise_call_bonus"": 0.15, ""opp_raise_call_scale"": 1.4, ""opp_raise_deterrence"": 0.15, ""opp_raise_fold_scale"": 1.8, ""opp_raise_reraise_scale"": -0.4, ""overfolder_pressure_cut"": 0.2, ""overfolder_steal_boost"": 0.85, ""prior"": 0.5, ""station_call_boost"": 0.35, ""station_raise_cut"": 0.55, ""style_confidence_samples"": 28.0, ""style_min_samples"": 6.0, ""style_street_weight"": 0.45, ""vs_our_raise_fold_scale"": 1.0, ""vs_our_raise_reraise_deterrence"": 0.5}",925.625,369.375,706.875,602.5,667.5,280.625,389.375,776.875,960.0,93.75,21.25,533.125,-178.125
coarse,19,218.413,394.663,-176.25,0.726,"{""belief_call_signal"": 0.05, ""belief_check_signal"": -0.03, ""belief_confidence_samples"": 18.0, ""belief_defense_call_scale"": 0.12, ""belief_defense_fold_scale"": 0.3, ""belief_defense_raise_scale"": 0.25, ""belief_late_street_scale"": 0.06, ""belief_pressure_call_scale"": 0.12, ""belief_pressure_fold_scale"": 0.25, ""belief_pressure_raise_scale"": 0.35, ""belief_raise_image_scale"": 0.1, ""belief_raise_signal"": 0.16, ""belief_tight_image_scale"": 0.14, ""belief_weight"": 0.18, ""exploit_enabled"": 1.0, ""field_guard"": 1.0, ""field_guard_strength"": 0.85, ""image_fold_call_scale"": 0.4, ""image_fold_reduce_fold_scale"": 0.7, ""image_raise_surprise_scale"": 0.5, ""maniac_call_boost"": 0.75, ""maniac_fold_cut"": 0.55, ""maniac_raise_cut"": 0.45, ""max_exploit_lambda"": 0.35, ""max_multiplier"": 1.7, ""max_shift"": 0.3, ""min_action_prob"": 0.01, ""min_exploit_signal"": 0.35, ""min_multiplier"": 0.45, ""min_samples"": 4.0, ""nit_facing_call_boost"": 0.25, ""nit_facing_fold_boost"": 0.65, ""nit_facing_raise_cut"": 0.45, ""nit_steal_boost"": 0.65, ""opp_raise_call_bonus"": 0.15, ""opp_raise_call_scale"": 1.4, ""opp_raise_deterrence"": 0.15, ""opp_raise_fold_scale"": 1.8, ""opp_raise_reraise_scale"": -0.4, ""overfolder_pressure_cut"": 0.2, ""overfolder_steal_boost"": 0.85, ""prior"": 0.5, ""station_call_boost"": 0.35, ""station_raise_cut"": 0.55, ""style_confidence_samples"": 28.0, ""style_min_samples"": 6.0, ""style_street_weight"": 0.45, ""vs_our_raise_fold_scale"": 1.0, ""vs_our_raise_reraise_deterrence"": 0.5}",713.75,-1.875,696.25,95.625,716.875,468.75,487.5,518.75,970.625,263.75,365.625,11.25,-176.25
coarse,20,526.442,542.692,-16.25,0.7981,"{""belief_call_signal"": 0.05, ""belief_check_signal"": -0.03, ""belief_confidence_samples"": 18.0, ""belief_defense_call_scale"": 0.12, ""belief_defense_fold_scale"": 0.3, ""belief_defense_raise_scale"": 0.25, ""belief_late_street_scale"": 0.06, ""belief_pressure_call_scale"": 0.12, ""belief_pressure_fold_scale"": 0.25, ""belief_pressure_raise_scale"": 0.35, ""belief_raise_image_scale"": 0.1, ""belief_raise_signal"": 0.16, ""belief_tight_image_scale"": 0.14, ""belief_weight"": 0.18, ""exploit_enabled"": 1.0, ""field_guard"": 1.0, ""field_guard_strength"": 0.85, ""image_fold_call_scale"": 0.4, ""image_fold_reduce_fold_scale"": 0.7, ""image_raise_surprise_scale"": 0.5, ""maniac_call_boost"": 0.75, ""maniac_fold_cut"": 0.55, ""maniac_raise_cut"": 0.45, ""max_exploit_lambda"": 0.35, ""max_multiplier"": 1.7, ""max_shift"": 0.45, ""min_action_prob"": 0.01, ""min_exploit_signal"": 0.35, ""min_multiplier"": 0.45, ""min_samples"": 4.0, ""nit_facing_call_boost"": 0.25, ""nit_facing_fold_boost"": 0.65, ""nit_facing_raise_cut"": 0.45, ""nit_steal_boost"": 0.65, ""opp_raise_call_bonus"": 0.15, ""opp_raise_call_scale"": 1.4, ""opp_raise_deterrence"": 0.15, ""opp_raise_fold_scale"": 1.8, ""opp_raise_reraise_scale"": -0.4, ""overfolder_pressure_cut"": 0.2, ""overfolder_steal_boost"": 0.85, ""prior"": 0.5, ""station_call_boost"": 0.35, ""station_raise_cut"": 0.55, ""style_confidence_samples"": 28.0, ""style_min_samples"": 6.0, ""style_street_weight"": 0.45, ""vs_our_raise_fold_scale"": 1.0, ""vs_our_raise_reraise_deterrence"": 0.5}",870.625,-16.25,653.125,727.5,921.875,360.0,568.125,630.625,983.125,278.125,406.875,368.125,303.125
coarse,21,134.231,411.731,-277.5,0.7115,"{""belief_call_signal"": 0.05, ""belief_check_signal"": -0.03, ""belief_confidence_samples"": 18.0, ""belief_defense_call_scale"": 0.12, ""belief_defense_fold_scale"": 0.3, ""belief_defense_raise_scale"": 0.25, ""belief_late_street_scale"": 0.06, ""belief_pressure_call_scale"": 0.12, ""belief_pressure_fold_scale"": 0.25, ""belief_pressure_raise_scale"": 0.35, ""belief_raise_image_scale"": 0.1, ""belief_raise_signal"": 0.16, ""belief_tight_image_scale"": 0.14, ""belief_weight"": 0.18, ""exploit_enabled"": 1.0, ""field_guard"": 1.0, ""field_guard_strength"": 0.85, ""image_fold_call_scale"": 0.4, ""image_fold_reduce_fold_scale"": 0.7, ""image_raise_surprise_scale"": 0.5, ""maniac_call_boost"": 0.75, ""maniac_fold_cut"": 0.55, ""maniac_raise_cut"": 0.45, ""max_exploit_lambda"": 0.35, ""max_multiplier"": 1.7, ""max_shift"": 0.6, ""min_action_prob"": 0.01, ""min_exploit_signal"": 0.35, ""min_multiplier"": 0.45, ""min_samples"": 4.0, ""nit_facing_call_boost"": 0.25, ""nit_facing_fold_boost"": 0.65, ""nit_facing_raise_cut"": 0.45, ""nit_steal_boost"": 0.65, ""opp_raise_call_bonus"": 0.15, ""opp_raise_call_scale"": 1.4, ""opp_raise_deterrence"": 0.15, ""opp_raise_fold_scale"": 1.8, ""opp_raise_reraise_scale"": -0.4, ""overfolder_pressure_cut"": 0.2, ""overfolder_steal_boost"": 0.85, ""prior"": 0.5, ""station_call_boost"": 0.35, ""station_raise_cut"": 0.55, ""style_confidence_samples"": 28.0, ""style_min_samples"": 6.0, ""style_street_weight"": 0.45, ""vs_our_raise_fold_scale"": 1.0, ""vs_our_raise_reraise_deterrence"": 0.5}",542.5,373.75,772.5,750.625,956.875,-32.5,286.875,714.375,931.875,-245.625,276.875,-277.5,301.875
coarse,22,494.808,447.308,47.5,0.7644,"{""belief_call_signal"": 0.05, ""belief_check_signal"": -0.03, ""belief_confidence_samples"": 18.0, ""belief_defense_call_scale"": 0.12, ""belief_defense_fold_scale"": 0.3, ""belief_defense_raise_scale"": 0.25, ""belief_late_street_scale"": 0.06, ""belief_pressure_call_scale"": 0.12, ""belief_pressure_fold_scale"": 0.25, ""belief_pressure_raise_scale"": 0.35, ""belief_raise_image_scale"": 0.1, ""belief_raise_signal"": 0.16, ""belief_tight_image_scale"": 0.14, ""belief_weight"": 0.18, ""exploit_enabled"": 1.0, ""field_guard"": 1.0, ""field_guard_strength"": 0.85, ""image_fold_call_scale"": 0.4, ""image_fold_reduce_fold_scale"": 0.7, ""image_raise_surprise_scale"": 0.5, ""maniac_call_boost"": 0.75, ""maniac_fold_cut"": 0.55, ""maniac_raise_cut"": 0.45, ""max_exploit_lambda"": 0.35, ""max_multiplier"": 1.7, ""max_shift"": 0.3, ""min_action_prob"": 0.01, ""min_exploit_signal"": 0.35, ""min_multiplier"": 0.45, ""min_samples"": 8.0, ""nit_facing_call_boost"": 0.25, ""nit_facing_fold_boost"": 0.65, ""nit_facing_raise_cut"": 0.45, ""nit_steal_boost"": 0.65, ""opp_raise_call_bonus"": 0.15, ""opp_raise_call_scale"": 1.4, ""opp_raise_deterrence"": 0.15, ""opp_raise_fold_scale"": 1.8, ""opp_raise_reraise_scale"": -0.4, ""overfolder_pressure_cut"": 0.2, ""overfolder_steal_boost"": 0.85, ""prior"": 0.5, ""station_call_boost"": 0.35, ""station_raise_cut"": 0.55, ""style_confidence_samples"": 28.0, ""style_min_samples"": 6.0, ""style_street_weight"": 0.45, ""vs_our_raise_fold_scale"": 1.0, ""vs_our_raise_reraise_deterrence"": 0.5}",755.0,78.125,322.5,561.25,807.5,624.375,488.75,704.375,915.625,110.625,47.5,99.375,300.0
coarse,23,308.317,448.317,-140.0,0.7404,"{""belief_call_signal"": 0.05, ""belief_check_signal"": -0.03, ""belief_confidence_samples"": 18.0, ""belief_defense_call_scale"": 0.12, ""belief_defense_fold_scale"": 0.3, ""belief_defense_raise_scale"": 0.25, ""belief_late_street_scale"": 0.06, ""belief_pressure_call_scale"": 0.12, ""belief_pressure_fold_scale"": 0.25, ""belief_pressure_raise_scale"": 0.35, ""belief_raise_image_scale"": 0.1, ""belief_raise_signal"": 0.16, ""belief_tight_image_scale"": 0.14, ""belief_weight"": 0.18, ""exploit_enabled"": 1.0, ""field_guard"": 1.0, ""field_guard_strength"": 0.85, ""image_fold_call_scale"": 0.4, ""image_fold_reduce_fold_scale"": 0.7, ""image_raise_surprise_scale"": 0.5, ""maniac_call_boost"": 0.75, ""maniac_fold_cut"": 0.55, ""maniac_raise_cut"": 0.45, ""max_exploit_lambda"": 0.35, ""max_multiplier"": 1.7, ""max_shift"": 0.45, ""min_action_prob"": 0.01, ""min_exploit_signal"": 0.35, ""min_multiplier"": 0.45, ""min_samples"": 8.0, ""nit_facing_call_boost"": 0.25, ""nit_facing_fold_boost"": 0.65, ""nit_facing_raise_cut"": 0.45, ""nit_steal_boost"": 0.65, ""opp_raise_call_bonus"": 0.15, ""opp_raise_call_scale"": 1.4, ""opp_raise_deterrence"": 0.15, ""opp_raise_fold_scale"": 1.8, ""opp_raise_reraise_scale"": -0.4, ""overfolder_pressure_cut"": 0.2, ""overfolder_steal_boost"": 0.85, ""prior"": 0.5, ""station_call_boost"": 0.35, ""station_raise_cut"": 0.55, ""style_confidence_samples"": 28.0, ""style_min_samples"": 6.0, ""style_street_weight"": 0.45, ""vs_our_raise_fold_scale"": 1.0, ""vs_our_raise_reraise_deterrence"": 0.5}",841.875,100.625,693.125,338.75,644.375,685.0,646.25,405.625,967.5,52.5,313.125,279.375,-140.0
coarse,24,256.49,405.865,-149.375,0.7163,"{""belief_call_signal"": 0.05, ""belief_check_signal"": -0.03, ""belief_confidence_samples"": 18.0, ""belief_defense_call_scale"": 0.12, ""belief_defense_fold_scale"": 0.3, ""belief_defense_raise_scale"": 0.25, ""belief_late_street_scale"": 0.06, ""belief_pressure_call_scale"": 0.12, ""belief_pressure_fold_scale"": 0.25, ""belief_pressure_raise_scale"": 0.35, ""belief_raise_image_scale"": 0.1, ""belief_raise_signal"": 0.16, ""belief_tight_image_scale"": 0.14, ""belief_weight"": 0.18, ""exploit_enabled"": 1.0, ""field_guard"": 1.0, ""field_guard_strength"": 0.85, ""image_fold_call_scale"": 0.4, ""image_fold_reduce_fold_scale"": 0.7, ""image_raise_surprise_scale"": 0.5, ""maniac_call_boost"": 0.75, ""maniac_fold_cut"": 0.55, ""maniac_raise_cut"": 0.45, ""max_exploit_lambda"": 0.35, ""max_multiplier"": 1.7, ""max_shift"": 0.6, ""min_action_prob"": 0.01, ""min_exploit_signal"": 0.35, ""min_multiplier"": 0.45, ""min_samples"": 8.0, ""nit_facing_call_boost"": 0.25, ""nit_facing_fold_boost"": 0.65, ""nit_facing_raise_cut"": 0.45, ""nit_steal_boost"": 0.65, ""opp_raise_call_bonus"": 0.15, ""opp_raise_call_scale"": 1.4, ""opp_raise_deterrence"": 0.15, ""opp_raise_fold_scale"": 1.8, ""opp_raise_reraise_scale"": -0.4, ""overfolder_pressure_cut"": 0.2, ""overfolder_steal_boost"": 0.85, ""prior"": 0.5, ""station_call_boost"": 0.35, ""station_raise_cut"": 0.55, ""style_confidence_samples"": 28.0, ""style_min_samples"": 6.0, ""style_street_weight"": 0.45, ""vs_our_raise_fold_scale"": 1.0, ""vs_our_raise_reraise_deterrence"": 0.5}",984.375,-0.625,567.5,175.0,966.25,85.625,438.75,745.625,948.125,-149.375,104.375,156.25,254.375
coarse,25,309.76,481.635,-171.875,0.774,"{""belief_call_signal"": 0.05, ""belief_check_signal"": -0.03, ""belief_confidence_samples"": 18.0, ""belief_defense_call_scale"": 0.12, ""belief_defense_fold_scale"": 0.3, ""belief_defense_raise_scale"": 0.25, ""belief_late_street_scale"": 0.06, ""belief_pressure_call_scale"": 0.12, ""belief_pressure_fold_scale"": 0.25, ""belief_pressure_raise_scale"": 0.35, ""belief_raise_image_scale"": 0.1, ""belief_raise_signal"": 0.16, ""belief_tight_image_scale"": 0.14, ""belief_weight"": 0.18, ""exploit_enabled"": 1.0, ""field_guard"": 1.0, ""field_guard_strength"": 0.85, ""image_fold_call_scale"": 0.4, ""image_fold_reduce_fold_scale"": 0.7, ""image_raise_surprise_scale"": 0.5, ""maniac_call_boost"": 0.75, ""maniac_fold_cut"": 0.55, ""maniac_raise_cut"": 0.45, ""max_exploit_lambda"": 0.35, ""max_multiplier"": 1.7, ""max_shift"": 0.3, ""min_action_prob"": 0.01, ""min_exploit_signal"": 0.35, ""min_multiplier"": 0.45, ""min_samples"": 2.0, ""nit_facing_call_boost"": 0.25, ""nit_facing_fold_boost"": 0.65, ""nit_facing_raise_cut"": 0.45, ""nit_steal_boost"": 0.65, ""opp_raise_call_bonus"": 0.15, ""opp_raise_call_scale"": 1.4, ""opp_raise_deterrence"": 0.15, ""opp_raise_fold_scale"": 1.8, ""opp_raise_reraise_scale"": -0.4, ""overfolder_pressure_cut"": 0.2, ""overfolder_steal_boost"": 0.85, ""prior"": 1.0, ""station_call_boost"": 0.35, ""station_raise_cut"": 0.55, ""style_confidence_samples"": 28.0, ""style_min_samples"": 6.0, ""style_street_weight"": 0.45, ""vs_our_raise_fold_scale"": 1.0, ""vs_our_raise_reraise_deterrence"": 0.5}",997.5,580.625,912.5,96.25,923.75,421.875,393.125,728.75,961.875,49.375,227.5,140.0,-171.875
coarse,26,448.654,499.904,-51.25,0.8029,"{""belief_call_signal"": 0.05, ""belief_check_signal"": -0.03, ""belief_confidence_samples"": 18.0, ""belief_defense_call_scale"": 0.12, ""belief_defense_fold_scale"": 0.3, ""belief_defense_raise_scale"": 0.25, ""belief_late_street_scale"": 0.06, ""belief_pressure_call_scale"": 0.12, ""belief_pressure_fold_scale"": 0.25, ""belief_pressure_raise_scale"": 0.35, ""belief_raise_image_scale"": 0.1, ""belief_raise_signal"": 0.16, ""belief_tight_image_scale"": 0.14, ""belief_weight"": 0.18, ""exploit_enabled"": 1.0, ""field_guard"": 1.0, ""field_guard_strength"": 0.85, ""image_fold_call_scale"": 0.4, ""image_fold_reduce_fold_scale"": 0.7, ""image_raise_surprise_scale"": 0.5, ""maniac_call_boost"": 0.75, ""maniac_fold_cut"": 0.55, ""maniac_raise_cut"": 0.45, ""max_exploit_lambda"": 0.35, ""max_multiplier"": 1.7, ""max_shift"": 0.45, ""min_action_prob"": 0.01, ""min_exploit_signal"": 0.35, ""min_multiplier"": 0.45, ""min_samples"": 2.0, ""nit_facing_call_boost"": 0.25, ""nit_facing_fold_boost"": 0.65, ""nit_facing_raise_cut"": 0.45, ""nit_steal_boost"": 0.65, ""opp_raise_call_bonus"": 0.15, ""opp_raise_call_scale"": 1.4, ""opp_raise_deterrence"": 0.15, ""opp_raise_fold_scale"": 1.8, ""opp_raise_reraise_scale"": -0.4, ""overfolder_pressure_cut"": 0.2, ""overfolder_steal_boost"": 0.85, ""prior"": 1.0, ""station_call_boost"": 0.35, ""station_raise_cut"": 0.55, ""style_confidence_samples"": 28.0, ""style_min_samples"": 6.0, ""style_street_weight"": 0.45, ""vs_our_raise_fold_scale"": 1.0, ""vs_our_raise_reraise_deterrence"": 0.5}",892.5,297.5,638.75,-51.25,998.125,620.0,503.75,767.5,951.875,-17.5,261.875,246.25,389.375
coarse,27,62.788,374.663,-311.875,0.6971,"{""belief_call_signal"": 0.05, ""belief_check_signal"": -0.03, ""belief_confidence_samples"": 18.0, ""belief_defense_call_scale"": 0.12, ""belief_defense_fold_scale"": 0.3, ""belief_defense_raise_scale"": 0.25, ""belief_late_street_scale"": 0.06, ""belief_pressure_call_scale"": 0.12, ""belief_pressure_fold_scale"": 0.25, ""belief_pressure_raise_scale"": 0.35, ""belief_raise_image_scale"": 0.1, ""belief_raise_signal"": 0.16, ""belief_tight_image_scale"": 0.14, ""belief_weight"": 0.18, ""exploit_enabled"": 1.0, ""field_guard"": 1.0, ""field_guard_strength"": 0.85, ""image_fold_call_scale"": 0.4, ""image_fold_reduce_fold_scale"": 0.7, ""image_raise_surprise_scale"": 0.5, ""maniac_call_boost"": 0.75, ""maniac_fold_cut"": 0.55, ""maniac_raise_cut"": 0.45, ""max_exploit_lambda"": 0.35, ""max_multiplier"": 1.7, ""max_shift"": 0.6, ""min_action_prob"": 0.01, ""min_exploit_signal"": 0.35, ""min_multiplier"": 0.45, ""min_samples"": 2.0, ""nit_facing_call_boost"": 0.25, ""nit_facing_fold_boost"": 0.65, ""nit_facing_raise_cut"": 0.45, ""nit_steal_boost"": 0.65, ""opp_raise_call_bonus"": 0.15, ""opp_raise_call_scale"": 1.4, ""opp_raise_deterrence"": 0.15, ""opp_raise_fold_scale"": 1.8, ""opp_raise_reraise_scale"": -0.4, ""overfolder_pressure_cut"": 0.2, ""overfolder_steal_boost"": 0.85, ""prior"": 1.0, ""station_call_boost"": 0.35, ""station_raise_cut"": 0.55, ""style_confidence_samples"": 28.0, ""style_min_samples"": 6.0, ""style_street_weight"": 0.45, ""vs_our_raise_fold_scale"": 1.0, ""vs_our_raise_reraise_deterrence"": 0.5}",776.875,-311.875,720.0,508.75,821.25,165.0,296.25,703.75,975.0,46.875,235.625,-80.625,13.75
coarse,28,239.519,388.269,-148.75,0.7115,"{""belief_call_signal"": 0.05, ""belief_check_signal"": -0.03, ""belief_confidence_samples"": 18.0, ""belief_defense_call_scale"": 0.12, ""belief_defense_fold_scale"": 0.3, ""belief_defense_raise_scale"": 0.25, ""belief_late_street_scale"": 0.06, ""belief_pressure_call_scale"": 0.12, ""belief_pressure_fold_scale"": 0.25, ""belief_pressure_raise_scale"": 0.35, ""belief_raise_image_scale"": 0.1, ""belief_raise_signal"": 0.16, ""belief_tight_image_scale"": 0.14, ""belief_weight"": 0.18, ""exploit_enabled"": 1.0, ""field_guard"": 1.0, ""field_guard_strength"": 0.85, ""image_fold_call_scale"": 0.4, ""image_fold_reduce_fold_scale"": 0.7, ""image_raise_surprise_scale"": 0.5, ""maniac_call_boost"": 0.75, ""maniac_fold_cut"": 0.55, ""maniac_raise_cut"": 0.45, ""max_exploit_lambda"": 0.35, ""max_multiplier"": 1.7, ""max_shift"": 0.3, ""min_action_prob"": 0.01, ""min_exploit_signal"": 0.35, ""min_multiplier"": 0.45, ""min_samples"": 4.0, ""nit_facing_call_boost"": 0.25, ""nit_facing_fold_boost"": 0.65, ""nit_facing_raise_cut"": 0.45, ""nit_steal_boost"": 0.65, ""opp_raise_call_bonus"": 0.15, ""opp_raise_call_scale"": 1.4, ""opp_raise_deterrence"": 0.15, ""opp_raise_fold_scale"": 1.8, ""opp_raise_reraise_scale"": -0.4, ""overfolder_pressure_cut"": 0.2, ""overfolder_steal_boost"": 0.85, ""prior"": 1.0, ""station_call_boost"": 0.35, ""station_raise_cut"": 0.55, ""style_confidence_samples"": 28.0, ""style_min_samples"": 6.0, ""style_street_weight"": 0.45, ""vs_our_raise_fold_scale"": 1.0, ""vs_our_raise_reraise_deterrence"": 0.5}",872.5,-148.75,670.0,335.625,977.5,-81.25,552.5,573.75,975.625,133.125,-79.375,403.75,-137.5
coarse,29,516.875,477.5,39.375,0.7644,"{""belief_call_signal"": 0.05, ""belief_check_signal"": -0.03, ""belief_confidence_samples"": 18.0, ""belief_defense_call_scale"": 0.12, ""belief_defense_fold_scale"": 0.3, ""belief_defense_raise_scale"": 0.25, ""belief_late_street_scale"": 0.06, ""belief_pressure_call_scale"": 0.12, ""belief_pressure_fold_scale"": 0.25, ""belief_pressure_raise_scale"": 0.35, ""belief_raise_image_scale"": 0.1, ""belief_raise_signal"": 0.16, ""belief_tight_image_scale"": 0.14, ""belief_weight"": 0.18, ""exploit_enabled"": 1.0, ""field_guard"": 1.0, ""field_guard_strength"": 0.85, ""image_fold_call_scale"": 0.4, ""image_fold_reduce_fold_scale"": 0.7, ""image_raise_surprise_scale"": 0.5, ""maniac_call_boost"": 0.75, ""maniac_fold_cut"": 0.55, ""maniac_raise_cut"": 0.45, ""max_exploit_lambda"": 0.35, ""max_multiplier"": 1.7, ""max_shift"": 0.45, ""min_action_prob"": 0.01, ""min_exploit_signal"": 0.35, ""min_multiplier"": 0.45, ""min_samples"": 4.0, ""nit_facing_call_boost"": 0.25, ""nit_facing_fold_boost"": 0.65, ""nit_facing_raise_cut"": 0.45, ""nit_steal_boost"": 0.65, ""opp_raise_call_bonus"": 0.15, ""opp_raise_call_scale"": 1.4, ""opp_raise_deterrence"": 0.15, ""opp_raise_fold_scale"": 1.8, ""opp_raise_reraise_scale"": -0.4, ""overfolder_pressure_cut"": 0.2, ""overfolder_steal_boost"": 0.85, ""prior"": 1.0, ""station_call_boost"": 0.35, ""station_raise_cut"": 0.55, ""style_confidence_samples"": 28.0, ""style_min_samples"": 6.0, ""style_street_weight"": 0.45, ""vs_our_raise_fold_scale"": 1.0, ""vs_our_raise_reraise_deterrence"": 0.5}",723.125,39.375,545.0,556.25,836.25,873.125,371.25,564.375,956.25,67.5,186.25,330.0,158.75
coarse,30,381.635,482.885,-101.25,0.7644,"{""belief_call_signal"": 0.05, ""belief_check_signal"": -0.03, ""belief_confidence_samples"": 18.0, ""belief_defense_call_scale"": 0.12, ""belief_defense_fold_scale"": 0.3, ""belief_defense_raise_scale"": 0.25, ""belief_late_street_scale"": 0.06, ""belief_pressure_call_scale"": 0.12, ""belief_pressure_fold_scale"": 0.25, ""belief_pressure_raise_scale"": 0.35, ""belief_raise_image_scale"": 0.1, ""belief_raise_signal"": 0.16, ""belief_tight_image_scale"": 0.14, ""belief_weight"": 0.18, ""exploit_enabled"": 1.0, ""field_guard"": 1.0, ""field_guard_strength"": 0.85, ""image_fold_call_scale"": 0.4, ""image_fold_reduce_fold_scale"": 0.7, ""image_raise_surprise_scale"": 0.5, ""maniac_call_boost"": 0.75, ""maniac_fold_cut"": 0.55, ""maniac_raise_cut"": 0.45, ""max_exploit_lambda"": 0.35, ""max_multiplier"": 1.7, ""max_shift"": 0.6, ""min_action_prob"": 0.01, ""min_exploit_signal"": 0.35, ""min_multiplier"": 0.45, ""min_samples"": 4.0, ""nit_facing_call_boost"": 0.25, ""nit_facing_fold_boost"": 0.65, ""nit_facing_raise_cut"": 0.45, ""nit_steal_boost"": 0.65, ""opp_raise_call_bonus"": 0.15, ""opp_raise_call_scale"": 1.4, ""opp_raise_deterrence"": 0.15, ""opp_raise_fold_scale"": 1.8, ""opp_raise_reraise_scale"": -0.4, ""overfolder_pressure_cut"": 0.2, ""overfolder_steal_boost"": 0.85, ""prior"": 1.0, ""station_call_boost"": 0.35, ""station_raise_cut"": 0.55, ""style_confidence_samples"": 28.0, ""style_min_samples"": 6.0, ""style_street_weight"": 0.45, ""vs_our_raise_fold_scale"": 1.0, ""vs_our_raise_reraise_deterrence"": 0.5}",998.125,378.125,658.75,640.0,962.5,476.25,376.875,467.5,938.125,-101.25,146.25,200.625,135.625
coarse,31,297.5,436.25,-138.75,0.7548,"{""belief_call_signal"": 0.05, ""belief_check_signal"": -0.03, ""belief_confidence_samples"": 18.0, ""belief_defense_call_scale"": 0.12, ""belief_defense_fold_scale"": 0.3, ""belief_defense_raise_scale"": 0.25, ""belief_late_street_scale"": 0.06, ""belief_pressure_call_scale"": 0.12, ""belief_pressure_fold_scale"": 0.25, ""belief_pressure_raise_scale"": 0.35, ""belief_raise_image_scale"": 0.1, ""belief_raise_signal"": 0.16, ""belief_tight_image_scale"": 0.14, ""belief_weight"": 0.18, ""exploit_enabled"": 1.0, ""field_guard"": 1.0, ""field_guard_strength"": 0.85, ""image_fold_call_scale"": 0.4, ""image_fold_reduce_fold_scale"": 0.7, ""image_raise_surprise_scale"": 0.5, ""maniac_call_boost"": 0.75, ""maniac_fold_cut"": 0.55, ""maniac_raise_cut"": 0.45, ""max_exploit_lambda"": 0.35, ""max_multiplier"": 1.7, ""max_shift"": 0.3, ""min_action_prob"": 0.01, ""min_exploit_signal"": 0.35, ""min_multiplier"": 0.45, ""min_samples"": 8.0, ""nit_facing_call_boost"": 0.25, ""nit_facing_fold_boost"": 0.65, ""nit_facing_raise_cut"": 0.45, ""nit_steal_boost"": 0.65, ""opp_raise_call_bonus"": 0.15, ""opp_raise_call_scale"": 1.4, ""opp_raise_deterrence"": 0.15, ""opp_raise_fold_scale"": 1.8, ""opp_raise_reraise_scale"": -0.4, ""overfolder_pressure_cut"": 0.2, ""overfolder_steal_boost"": 0.85, ""prior"": 1.0, ""station_call_boost"": 0.35, ""station_raise_cut"": 0.55, ""style_confidence_samples"": 28.0, ""style_min_samples"": 6.0, ""style_street_weight"": 0.45, ""vs_our_raise_fold_scale"": 1.0, ""vs_our_raise_reraise_deterrence"": 0.5}",982.5,-138.75,873.75,68.75,798.75,-18.125,473.125,884.375,966.25,-126.875,502.5,333.125,71.875
coarse,32,347.404,393.029,-45.625,0.6971,"{""belief_call_signal"": 0.05, ""belief_check_signal"": -0.03, ""belief_confidence_samples"": 18.0, ""belief_defense_call_scale"": 0.12, ""belief_defense_fold_scale"": 0.3, ""belief_defense_raise_scale"": 0.25, ""belief_late_street_scale"": 0.06, ""belief_pressure_call_scale"": 0.12, ""belief_pressure_fold_scale"": 0.25, ""belief_pressure_raise_scale"": 0.35, ""belief_raise_image_scale"": 0.1, ""belief_raise_signal"": 0.16, ""belief_tight_image_scale"": 0.14, ""belief_weight"": 0.18, ""exploit_enabled"": 1.0, ""field_guard"": 1.0, ""field_guard_strength"": 0.85, ""image_fold_call_scale"": 0.4, ""image_fold_reduce_fold_scale"": 0.7, ""image_raise_surprise_scale"": 0.5, ""maniac_call_boost"": 0.75, ""maniac_fold_cut"": 0.55, ""maniac_raise_cut"": 0.45, ""max_exploit_lambda"": 0.35, ""max_multiplier"": 1.7, ""max_shift"": 0.45, ""min_action_prob"": 0.01, ""min_exploit_signal"": 0.35, ""min_multiplier"": 0.45, ""min_samples"": 8.0, ""nit_facing_call_boost"": 0.25, ""nit_facing_fold_boost"": 0.65, ""nit_facing_raise_cut"": 0.45, ""nit_steal_boost"": 0.65, ""opp_raise_call_bonus"": 0.15, ""opp_raise_call_scale"": 1.4, ""opp_raise_deterrence"": 0.15, ""opp_raise_fold_scale"": 1.8, ""opp_raise_reraise_scale"": -0.4, ""overfolder_pressure_cut"": 0.2, ""overfolder_steal_boost"": 0.85, ""prior"": 1.0, ""station_call_boost"": 0.35, ""station_raise_cut"": 0.55, ""style_confidence_samples"": 28.0, ""style_min_samples"": 6.0, ""style_street_weight"": 0.45, ""vs_our_raise_fold_scale"": 1.0, ""vs_our_raise_reraise_deterrence"": 0.5}",808.125,350.0,511.875,310.625,764.375,304.375,-12.5,638.125,931.875,126.25,132.5,-45.625,289.375
coarse,33,584.856,487.981,96.875,0.7548,"{""belief_call_signal"": 0.05, ""belief_check_signal"": -0.03, ""belief_confidence_samples"": 18.0, ""belief_defense_call_scale"": 0.12, ""belief_defense_fold_scale"": 0.3, ""belief_defense_raise_scale"": 0.25, ""belief_late_street_scale"": 0.06, ""belief_pressure_call_scale"": 0.12, ""belief_pressure_fold_scale"": 0.25, ""belief_pressure_raise_scale"": 0.35, ""belief_raise_image_scale"": 0.1, ""belief_raise_signal"": 0.16, ""belief_tight_image_scale"": 0.14, ""belief_weight"": 0.18, ""exploit_enabled"": 1.0, ""field_guard"": 1.0, ""field_guard_strength"": 0.85, ""image_fold_call_scale"": 0.4, ""image_fold_reduce_fold_scale"": 0.7, ""image_raise_surprise_scale"": 0.5, ""maniac_call_boost"": 0.75, ""maniac_fold_cut"": 0.55, ""maniac_raise_cut"": 0.45, ""max_exploit_lambda"": 0.35, ""max_multiplier"": 1.7, ""max_shift"": 0.6, ""min_action_prob"": 0.01, ""min_exploit_signal"": 0.35, ""min_multiplier"": 0.45, ""min_samples"": 8.0, ""nit_facing_call_boost"": 0.25, ""nit_facing_fold_boost"": 0.65, ""nit_facing_raise_cut"": 0.45, ""nit_steal_boost"": 0.65, ""opp_raise_call_bonus"": 0.15, ""opp_raise_call_scale"": 1.4, ""opp_raise_deterrence"": 0.15, ""opp_raise_fold_scale"": 1.8, ""opp_raise_reraise_scale"": -0.4, ""overfolder_pressure_cut"": 0.2, ""overfolder_steal_boost"": 0.85, ""prior"": 1.0, ""station_call_boost"": 0.35, ""station_raise_cut"": 0.55, ""style_confidence_samples"": 28.0, ""style_min_samples"": 6.0, ""style_street_weight"": 0.45, ""vs_our_raise_fold_scale"": 1.0, ""vs_our_raise_reraise_deterrence"": 0.5}",629.375,496.875,651.875,521.875,750.0,334.375,249.375,702.5,960.625,278.75,96.875,191.875,479.375
coarse,34,-126.346,389.904,-516.25,0.6971,"{""belief_call_signal"": 0.05, ""belief_check_signal"": -0.03, ""belief_confidence_samples"": 18.0, ""belief_defense_call_scale"": 0.12, ""belief_defense_fold_scale"": 0.3, ""belief_defense_raise_scale"": 0.25, ""belief_late_street_scale"": 0.06, ""belief_pressure_call_scale"": 0.12, ""belief_pressure_fold_scale"": 0.25, ""belief_pressure_raise_scale"": 0.35, ""belief_raise_image_scale"": 0.1, ""belief_raise_signal"": 0.16, ""belief_tight_image_scale"": 0.14, ""belief_weight"": 0.18, ""exploit_enabled"": 1.0, ""field_guard"": 1.0, ""field_guard_strength"": 0.85, ""image_fold_call_scale"": 0.4, ""image_fold_reduce_fold_scale"": 0.7, ""image_raise_surprise_scale"": 0.5, ""maniac_call_boost"": 0.75, ""maniac_fold_cut"": 0.55, ""maniac_raise_cut"": 0.45, ""max_exploit_lambda"": 0.35, ""max_multiplier"": 1.7, ""max_shift"": 0.3, ""min_action_prob"": 0.01, ""min_exploit_signal"": 0.35, ""min_multiplier"": 0.45, ""min_samples"": 2.0, ""nit_facing_call_boost"": 0.25, ""nit_facing_fold_boost"": 0.65, ""nit_facing_raise_cut"": 0.45, ""nit_steal_boost"": 0.65, ""opp_raise_call_bonus"": 0.15, ""opp_raise_call_scale"": 1.4, ""opp_raise_deterrence"": 0.15, ""opp_raise_fold_scale"": 1.8, ""opp_raise_reraise_scale"": -0.4, ""overfolder_pressure_cut"": 0.2, ""overfolder_steal_boost"": 0.85, ""prior"": 2.0, ""station_call_boost"": 0.35, ""station_raise_cut"": 0.55, ""style_confidence_samples"": 28.0, ""style_min_samples"": 6.0, ""style_street_weight"": 0.45, ""vs_our_raise_fold_scale"": 1.0, ""vs_our_raise_reraise_deterrence"": 0.5}",967.5,301.25,761.25,578.75,731.25,41.25,170.0,432.5,935.0,166.875,93.125,-516.25,406.25
coarse,35,333.702,408.077,-74.375,0.7067,"{""belief_call_signal"": 0.05, ""belief_check_signal"": -0.03, ""belief_confidence_samples"": 18.0, ""belief_defense_call_scale"": 0.12, ""belief_defense_fold_scale"": 0.3, ""belief_defense_raise_scale"": 0.25, ""belief_late_street_scale"": 0.06, ""belief_pressure_call_scale"": 0.12, ""belief_pressure_fold_scale"": 0.25, ""belief_pressure_raise_scale"": 0.35, ""belief_raise_image_scale"": 0.1, ""belief_raise_signal"": 0.16, ""belief_tight_image_scale"": 0.14, ""belief_weight"": 0.18, ""exploit_enabled"": 1.0, ""field_guard"": 1.0, ""field_guard_strength"": 0.85, ""image_fold_call_scale"": 0.4, ""image_fold_reduce_fold_scale"": 0.7, ""image_raise_surprise_scale"": 0.5, ""maniac_call_boost"": 0.75, ""maniac_fold_cut"": 0.55, ""maniac_raise_cut"": 0.45, ""max_exploit_lambda"": 0.35, ""max_multiplier"": 1.7, ""max_shift"": 0.45, ""min_action_prob"": 0.01, ""min_exploit_signal"": 0.35, ""min_multiplier"": 0.45, ""min_samples"": 2.0, ""nit_facing_call_boost"": 0.25, ""nit_facing_fold_boost"": 0.65, ""nit_facing_raise_cut"": 0.45, ""nit_steal_boost"": 0.65, ""opp_raise_call_bonus"": 0.15, ""opp_raise_call_scale"": 1.4, ""opp_raise_deterrence"": 0.15, ""opp_raise_fold_scale"": 1.8, ""opp_raise_reraise_scale"": -0.4, ""overfolder_pressure_cut"": 0.2, ""overfolder_steal_boost"": 0.85, ""prior"": 2.0, ""station_call_boost"": 0.35, ""station_raise_cut"": 0.55, ""style_confidence_samples"": 28.0, ""style_min_samples"": 6.0, ""style_street_weight"": 0.45, ""vs_our_raise_fold_scale"": 1.0, ""vs_our_raise_reraise_deterrence"": 0.5}",853.75,296.25,541.25,303.125,871.25,183.125,266.875,667.5,956.875,-38.75,-74.375,390.625,87.5
coarse,36,359.038,449.663,-90.625,0.7212,"{""belief_call_signal"": 0.05, ""belief_check_signal"": -0.03, ""belief_confidence_samples"": 18.0, ""belief_defense_call_scale"": 0.12, ""belief_defense_fold_scale"": 0.3, ""belief_defense_raise_scale"": 0.25, ""belief_late_street_scale"": 0.06, ""belief_pressure_call_scale"": 0.12, ""belief_pressure_fold_scale"": 0.25, ""belief_pressure_raise_scale"": 0.35, ""belief_raise_image_scale"": 0.1, ""belief_raise_signal"": 0.16, ""belief_tight_image_scale"": 0.14, ""belief_weight"": 0.18, ""exploit_enabled"": 1.0, ""field_guard"": 1.0, ""field_guard_strength"": 0.85, ""image_fold_call_scale"": 0.4, ""image_fold_reduce_fold_scale"": 0.7, ""image_raise_surprise_scale"": 0.5, ""maniac_call_boost"": 0.75, ""maniac_fold_cut"": 0.55, ""maniac_raise_cut"": 0.45, ""max_exploit_lambda"": 0.35, ""max_multiplier"": 1.7, ""max_shift"": 0.6, ""min_action_prob"": 0.01, ""min_exploit_signal"": 0.35, ""min_multiplier"": 0.45, ""min_samples"": 2.0, ""nit_facing_call_boost"": 0.25, ""nit_facing_fold_boost"": 0.65, ""nit_facing_raise_cut"": 0.45, ""nit_steal_boost"": 0.65, ""opp_raise_call_bonus"": 0.15, ""opp_raise_call_scale"": 1.4, ""opp_raise_deterrence"": 0.15, ""opp_raise_fold_scale"": 1.8, ""opp_raise_reraise_scale"": -0.4, ""overfolder_pressure_cut"": 0.2, ""overfolder_steal_boost"": 0.85, ""prior"": 2.0, ""station_call_boost"": 0.35, ""station_raise_cut"": 0.55, ""style_confidence_samples"": 28.0, ""style_min_samples"": 6.0, ""style_street_weight"": 0.45, ""vs_our_raise_fold_scale"": 1.0, ""vs_our_raise_reraise_deterrence"": 0.5}",909.375,-90.625,848.125,323.75,912.5,450.0,309.375,458.125,926.25,76.25,149.375,99.375,473.75
coarse,37,308.077,399.327,-91.25,0.7212,"{""belief_call_signal"": 0.05, ""belief_check_signal"": -0.03, ""belief_confidence_samples"": 18.0, ""belief_defense_call_scale"": 0.12, ""belief_defense_fold_scale"": 0.3, ""belief_defense_raise_scale"": 0.25, ""belief_late_street_scale"": 0.06, ""belief_pressure_call_scale"": 0.12, ""belief_pressure_fold_scale"": 0.25, ""belief_pressure_raise_scale"": 0.35, ""belief_raise_image_scale"": 0.1, ""belief_raise_signal"": 0.16, ""belief_tight_image_scale"": 0.14, ""belief_weight"": 0.18, ""exploit_enabled"": 1.0, ""field_guard"": 1.0, ""field_guard_strength"": 0.85, ""image_fold_call_scale"": 0.4, ""image_fold_reduce_fold_scale"": 0.7, ""image_raise_surprise_scale"": 0.5, ""maniac_call_boost"": 0.75, ""maniac_fold_cut"": 0.55, ""maniac_raise_cut"": 0.45, ""max_exploit_lambda"": 0.35, ""max_multiplier"": 1.7, ""max_shift"": 0.3, ""min_action_prob"": 0.01, ""min_exploit_signal"": 0.35, ""min_multiplier"": 0.45, ""min_samples"": 4.0, ""nit_facing_call_boost"": 0.25, ""nit_facing_fold_boost"": 0.65, ""nit_facing_raise_cut"": 0.45, ""nit_steal_boost"": 0.65, ""opp_raise_call_bonus"": 0.15, ""opp_raise_call_scale"": 1.4, ""opp_raise_deterrence"": 0.15, ""opp_raise_fold_scale"": 1.8, ""opp_raise_reraise_scale"": -0.4, ""overfolder_pressure_cut"": 0.2, ""overfolder_steal_boost"": 0.85, ""prior"": 2.0, ""station_call_boost"": 0.35, ""station_raise_cut"": 0.55, ""style_confidence_samples"": 28.0, ""style_min_samples"": 6.0, ""style_street_weight"": 0.45, ""vs_our_raise_fold_scale"": 1.0, ""vs_our_raise_reraise_deterrence"": 0.5}",883.75,95.0,758.75,350.0,918.125,124.375,577.5,521.875,953.125,-14.375,-91.25,-42.5,156.875
coarse,38,315.385,437.26,-121.875,0.7356,"{""belief_call_signal"": 0.05, ""belief_check_signal"": -0.03, ""belief_confidence_samples"": 18.0, ""belief_defense_call_scale"": 0.12, ""belief_defense_fold_scale"": 0.3, ""belief_defense_raise_scale"": 0.25, ""belief_late_street_scale"": 0.06, ""belief_pressure_call_scale"": 0.12, ""belief_pressure_fold_scale"": 0.25, ""belief_pressure_raise_scale"": 0.35, ""belief_raise_image_scale"": 0.1, ""belief_raise_signal"": 0.16, ""belief_tight_image_scale"": 0.14, ""belief_weight"": 0.18, ""exploit_enabled"": 1.0, ""field_guard"": 1.0, ""field_guard_strength"": 0.85, ""image_fold_call_scale"": 0.4, ""image_fold_reduce_fold_scale"": 0.7, ""image_raise_surprise_scale"": 0.5, ""maniac_call_boost"": 0.75, ""maniac_fold_cut"": 0.55, ""maniac_raise_cut"": 0.45, ""max_exploit_lambda"": 0.35, ""max_multiplier"": 1.7, ""max_shift"": 0.45, ""min_action_prob"": 0.01, ""min_exploit_signal"": 0.35, ""min_multiplier"": 0.45, ""min_samples"": 4.0, ""nit_facing_call_boost"": 0.25, ""nit_facing_fold_boost"": 0.65, ""nit_facing_raise_cut"": 0.45, ""nit_steal_boost"": 0.65, ""opp_raise_call_bonus"": 0.15, ""opp_raise_call_scale"": 1.4, ""opp_raise_deterrence"": 0.15, ""opp_raise_fold_scale"": 1.8, ""opp_raise_reraise_scale"": -0.4, ""overfolder_pressure_cut"": 0.2, ""overfolder_steal_boost"": 0.85, ""prior"": 2.0, ""station_call_boost"": 0.35, ""station_raise_cut"": 0.55, ""style_confidence_samples"": 28.0, ""style_min_samples"": 6.0, ""style_street_weight"": 0.45, ""vs_our_raise_fold_scale"": 1.0, ""vs_our_raise_reraise_deterrence"": 0.5}",860.0,-38.125,756.25,666.875,901.25,189.375,779.375,325.0,953.75,-46.25,41.875,-121.875,416.875
coarse,39,177.404,404.279,-226.875,0.7163,"{""belief_call_signal"": 0.05, ""belief_check_signal"": -0.03, ""belief_confidence_samples"": 18.0, ""belief_defense_call_scale"": 0.12, ""belief_defense_fold_scale"": 0.3, ""belief_defense_raise_scale"": 0.25, ""belief_late_street_scale"": 0.06, ""belief_pressure_call_scale"": 0.12, ""belief_pressure_fold_scale"": 0.25, ""belief_pressure_raise_scale"": 0.35, ""belief_raise_image_scale"": 0.1, ""belief_raise_signal"": 0.16, ""belief_tight_image_scale"": 0.14, ""belief_weight"": 0.18, ""exploit_enabled"": 1.0, ""field_guard"": 1.0, ""field_guard_strength"": 0.85, ""image_fold_call_scale"": 0.4, ""image_fold_reduce_fold_scale"": 0.7, ""image_raise_surprise_scale"": 0.5, ""maniac_call_boost"": 0.75, ""maniac_fold_cut"": 0.55, ""maniac_raise_cut"": 0.45, ""max_exploit_lambda"": 0.35, ""max_multiplier"": 1.7, ""max_shift"": 0.6, ""min_action_prob"": 0.01, ""min_exploit_signal"": 0.35, ""min_multiplier"": 0.45, ""min_samples"": 4.0, ""nit_facing_call_boost"": 0.25, ""nit_facing_fold_boost"": 0.65, ""nit_facing_raise_cut"": 0.45, ""nit_steal_boost"": 0.65, ""opp_raise_call_bonus"": 0.15, ""opp_raise_call_scale"": 1.4, ""opp_raise_deterrence"": 0.15, ""opp_raise_fold_scale"": 1.8, ""opp_raise_reraise_scale"": -0.4, ""overfolder_pressure_cut"": 0.2, ""overfolder_steal_boost"": 0.85, ""prior"": 2.0, ""station_call_boost"": 0.35, ""station_raise_cut"": 0.55, ""style_confidence_samples"": 28.0, ""style_min_samples"": 6.0, ""style_street_weight"": 0.45, ""vs_our_raise_fold_scale"": 1.0, ""vs_our_raise_reraise_deterrence"": 0.5}",978.125,54.375,571.875,378.125,958.75,179.375,561.875,485.0,964.375,-1.875,347.5,5.0,-226.875
coarse,40,328.99,390.24,-61.25,0.7115,"{""belief_call_signal"": 0.05, ""belief_check_signal"": -0.03, ""belief_confidence_samples"": 18.0, ""belief_defense_call_scale"": 0.12, ""belief_defense_fold_scale"": 0.3, ""belief_defense_raise_scale"": 0.25, ""belief_late_street_scale"": 0.06, ""belief_pressure_call_scale"": 0.12, ""belief_pressure_fold_scale"": 0.25, ""belief_pressure_raise_scale"": 0.35, ""belief_raise_image_scale"": 0.1, ""belief_raise_signal"": 0.16, ""belief_tight_image_scale"": 0.14, ""belief_weight"": 0.18, ""exploit_enabled"": 1.0, ""field_guard"": 1.0, ""field_guard_strength"": 0.85, ""image_fold_call_scale"": 0.4, ""image_fold_reduce_fold_scale"": 0.7, ""image_raise_surprise_scale"": 0.5, ""maniac_call_boost"": 0.75, ""maniac_fold_cut"": 0.55, ""maniac_raise_cut"": 0.45, ""max_exploit_lambda"": 0.35, ""max_multiplier"": 1.7, ""max_shift"": 0.3, ""min_action_prob"": 0.01, ""min_exploit_signal"": 0.35, ""min_multiplier"": 0.45, ""min_samples"": 8.0, ""nit_facing_call_boost"": 0.25, ""nit_facing_fold_boost"": 0.65, ""nit_facing_raise_cut"": 0.45, ""nit_steal_boost"": 0.65, ""opp_raise_call_bonus"": 0.15, ""opp_raise_call_scale"": 1.4, ""opp_raise_deterrence"": 0.15, ""opp_raise_fold_scale"": 1.8, ""opp_raise_reraise_scale"": -0.4, ""overfolder_pressure_cut"": 0.2, ""overfolder_steal_boost"": 0.85, ""prior"": 2.0, ""station_call_boost"": 0.35, ""station_raise_cut"": 0.55, ""style_confidence_samples"": 28.0, ""style_min_samples"": 6.0, ""style_street_weight"": 0.45, ""vs_our_raise_fold_scale"": 1.0, ""vs_our_raise_reraise_deterrence"": 0.5}",848.75,-55.0,740.625,-19.375,909.375,178.75,295.0,473.125,981.875,161.875,397.5,-61.25,221.875
coarse,41,152.548,403.798,-251.25,0.6971,"{""belief_call_signal"": 0.05, ""belief_check_signal"": -0.03, ""belief_confidence_samples"": 18.0, ""belief_defense_call_scale"": 0.12, ""belief_defense_fold_scale"": 0.3, ""belief_defense_raise_scale"": 0.25, ""belief_late_street_scale"": 0.06, ""belief_pressure_call_scale"": 0.12, ""belief_pressure_fold_scale"": 0.25, ""belief_pressure_raise_scale"": 0.35, ""belief_raise_image_scale"": 0.1, ""belief_raise_signal"": 0.16, ""belief_tight_image_scale"": 0.14, ""belief_weight"": 0.18, ""exploit_enabled"": 1.0, ""field_guard"": 1.0, ""field_guard_strength"": 0.85, ""image_fold_call_scale"": 0.4, ""image_fold_reduce_fold_scale"": 0.7, ""image_raise_surprise_scale"": 0.5, ""maniac_call_boost"": 0.75, ""maniac_fold_cut"": 0.55, ""maniac_raise_cut"": 0.45, ""max_exploit_lambda"": 0.35, ""max_multiplier"": 1.7, ""max_shift"": 0.45, ""min_action_prob"": 0.01, ""min_exploit_signal"": 0.35, ""min_multiplier"": 0.45, ""min_samples"": 8.0, ""nit_facing_call_boost"": 0.25, ""nit_facing_fold_boost"": 0.65, ""nit_facing_raise_cut"": 0.45, ""nit_steal_boost"": 0.65, ""opp_raise_call_bonus"": 0.15, ""opp_raise_call_scale"": 1.4, ""opp_raise_deterrence"": 0.15, ""opp_raise_fold_scale"": 1.8, ""opp_raise_reraise_scale"": -0.4, ""overfolder_pressure_cut"": 0.2, ""overfolder_steal_boost"": 0.85, ""prior"": 2.0, ""station_call_boost"": 0.35, ""station_raise_cut"": 0.55, ""style_confidence_samples"": 28.0, ""style_min_samples"": 6.0, ""style_street_weight"": 0.45, ""vs_our_raise_fold_scale"": 1.0, ""vs_our_raise_reraise_deterrence"": 0.5}",883.75,526.875,486.875,556.875,909.375,207.5,391.875,298.75,958.75,184.375,-251.25,-154.375,250.0
coarse,42,176.298,408.173,-231.875,0.7163,"{""belief_call_signal"": 0.05, ""belief_check_signal"": -0.03, ""belief_confidence_samples"": 18.0, ""belief_defense_call_scale"": 0.12, ""belief_defense_fold_scale"": 0.3, ""belief_defense_raise_scale"": 0.25, ""belief_late_street_scale"": 0.06, ""belief_pressure_call_scale"": 0.12, ""belief_pressure_fold_scale"": 0.25, ""belief_pressure_raise_scale"": 0.35, ""belief_raise_image_scale"": 0.1, ""belief_raise_signal"": 0.16, ""belief_tight_image_scale"": 0.14, ""belief_weight"": 0.18, ""exploit_enabled"": 1.0, ""field_guard"": 1.0, ""field_guard_strength"": 0.85, ""image_fold_call_scale"": 0.4, ""image_fold_reduce_fold_scale"": 0.7, ""image_raise_surprise_scale"": 0.5, ""maniac_call_boost"": 0.75, ""maniac_fold_cut"": 0.55, ""maniac_raise_cut"": 0.45, ""max_exploit_lambda"": 0.35, ""max_multiplier"": 1.7, ""max_shift"": 0.6, ""min_action_prob"": 0.01, ""min_exploit_signal"": 0.35, ""min_multiplier"": 0.45, ""min_samples"": 8.0, ""nit_facing_call_boost"": 0.25, ""nit_facing_fold_boost"": 0.65, ""nit_facing_raise_cut"": 0.45, ""nit_steal_boost"": 0.65, ""opp_raise_call_bonus"": 0.15, ""opp_raise_call_scale"": 1.4, ""opp_raise_deterrence"": 0.15, ""opp_raise_fold_scale"": 1.8, ""opp_raise_reraise_scale"": -0.4, ""overfolder_pressure_cut"": 0.2, ""overfolder_steal_boost"": 0.85, ""prior"": 2.0, ""station_call_boost"": 0.35, ""station_raise_cut"": 0.55, ""style_confidence_samples"": 28.0, ""style_min_samples"": 6.0, ""style_street_weight"": 0.45, ""vs_our_raise_fold_scale"": 1.0, ""vs_our_raise_reraise_deterrence"": 0.5}",822.5,-195.625,493.75,679.375,972.5,497.5,393.75,482.5,940.625,-231.875,158.75,210.0,82.5
coarse,43,376.587,417.212,-40.625,0.7163,"{""belief_call_signal"": 0.05, ""belief_check_signal"": -0.03, ""belief_confidence_samples"": 18.0, ""belief_defense_call_scale"": 0.12, ""belief_defense_fold_scale"": 0.3, ""belief_defense_raise_scale"": 0.25, ""belief_late_street_scale"": 0.06, ""belief_pressure_call_scale"": 0.12, ""belief_pressure_fold_scale"": 0.25, ""belief_pressure_raise_scale"": 0.35, ""belief_raise_image_scale"": 0.1, ""belief_raise_signal"": 0.16, ""belief_tight_image_scale"": 0.14, ""belief_weight"": 0.18, ""exploit_enabled"": 1.0, ""field_guard"": 1.0, ""field_guard_strength"": 0.85, ""image_fold_call_scale"": 0.4, ""image_fold_reduce_fold_scale"": 0.7, ""image_raise_surprise_scale"": 0.5, ""maniac_call_boost"": 0.75, ""maniac_fold_cut"": 0.55, ""maniac_raise_cut"": 0.45, ""max_exploit_lambda"": 0.35, ""max_multiplier"": 1.7, ""max_shift"": 0.45, ""min_action_prob"": 0.01, ""min_exploit_signal"": 0.35, ""min_multiplier"": 0.45, ""min_samples"": 4.0, ""nit_facing_call_boost"": 0.25, ""nit_facing_fold_boost"": 0.65, ""nit_facing_raise_cut"": 0.45, ""nit_steal_boost"": 0.65, ""opp_raise_call_bonus"": 0.15, ""opp_raise_call_scale"": 1.0499999999999998, ""opp_raise_deterrence"": 0.15, ""opp_raise_fold_scale"": 1.35, ""opp_raise_reraise_scale"": -0.30000000000000004, ""overfolder_pressure_cut"": 0.2, ""overfolder_steal_boost"": 0.85, ""prior"": 1.0, ""station_call_boost"": 0.35, ""station_raise_cut"": 0.55, ""style_confidence_samples"": 28.0, ""style_min_samples"": 6.0, ""style_street_weight"": 0.45, ""vs_our_raise_fold_scale"": 1.0, ""vs_our_raise_reraise_deterrence"": 0.5}",511.875,-40.625,646.25,626.875,839.375,173.75,520.625,508.75,922.5,364.375,106.25,184.375,59.375
coarse,44,348.077,418.702,-70.625,0.7067,"{""belief_call_signal"": 0.05, ""belief_check_signal"": -0.03, ""belief_confidence_samples"": 18.0, ""belief_defense_call_scale"": 0.12, ""belief_defense_fold_scale"": 0.3, ""belief_defense_raise_scale"": 0.25, ""belief_late_street_scale"": 0.06, ""belief_pressure_call_scale"": 0.12, ""belief_pressure_fold_scale"": 0.25, ""belief_pressure_raise_scale"": 0.35, ""belief_raise_image_scale"": 0.1, ""belief_raise_signal"": 0.16, ""belief_tight_image_scale"": 0.14, ""belief_weight"": 0.18, ""exploit_enabled"": 1.0, ""field_guard"": 1.0, ""field_guard_strength"": 0.85, ""image_fold_call_scale"": 0.4, ""image_fold_reduce_fold_scale"": 0.7, ""image_raise_surprise_scale"": 0.5, ""maniac_call_boost"": 0.75, ""maniac_fold_cut"": 0.55, ""maniac_raise_cut"": 0.45, ""max_exploit_lambda"": 0.35, ""max_multiplier"": 1.7, ""max_shift"": 0.45, ""min_action_prob"": 0.01, ""min_exploit_signal"": 0.35, ""min_multiplier"": 0.45, ""min_samples"": 4.0, ""nit_facing_call_boost"": 0.25, ""nit_facing_fold_boost"": 0.65, ""nit_facing_raise_cut"": 0.45, ""nit_steal_boost"": 0.65, ""opp_raise_call_bonus"": 0.15, ""opp_raise_call_scale"": 1.75, ""opp_raise_deterrence"": 0.15, ""opp_raise_fold_scale"": 2.25, ""opp_raise_reraise_scale"": -0.5, ""overfolder_pressure_cut"": 0.2, ""overfolder_steal_boost"": 0.85, ""prior"": 1.0, ""station_call_boost"": 0.35, ""station_raise_cut"": 0.55, ""style_confidence_samples"": 28.0, ""style_min_samples"": 6.0, ""style_street_weight"": 0.45, ""vs_our_raise_fold_scale"": 1.0, ""vs_our_raise_reraise_deterrence"": 0.5}",961.875,130.625,520.625,309.375,995.0,-70.625,463.75,367.5,956.875,141.25,329.375,1.875,335.625
coarse,45,499.471,460.721,38.75,0.7404,"{""belief_call_signal"": 0.05, ""belief_check_signal"": -0.03, ""belief_confidence_samples"": 18.0, ""belief_defense_call_scale"": 0.12, ""belief_defense_fold_scale"": 0.3, ""belief_defense_raise_scale"": 0.25, ""belief_late_street_scale"": 0.06, ""belief_pressure_call_scale"": 0.12, ""belief_pressure_fold_scale"": 0.25, ""belief_pressure_raise_scale"": 0.35, ""belief_raise_image_scale"": 0.1, ""belief_raise_signal"": 0.16, ""belief_tight_image_scale"": 0.14, ""belief_weight"": 0.18, ""exploit_enabled"": 1.0, ""field_guard"": 1.0, ""field_guard_strength"": 0.85, ""image_fold_call_scale"": 0.4, ""image_fold_reduce_fold_scale"": 0.7, ""image_raise_surprise_scale"": 0.5, ""maniac_call_boost"": 0.75, ""maniac_fold_cut"": 0.55, ""maniac_raise_cut"": 0.45, ""max_exploit_lambda"": 0.35, ""max_multiplier"": 1.45, ""max_shift"": 0.45, ""min_action_prob"": 0.01, ""min_exploit_signal"": 0.35, ""min_multiplier"": 0.6, ""min_samples"": 4.0, ""nit_facing_call_boost"": 0.25, ""nit_facing_fold_boost"": 0.65, ""nit_facing_raise_cut"": 0.45, ""nit_steal_boost"": 0.65, ""opp_raise_call_bonus"": 0.15, ""opp_raise_call_scale"": 1.4, ""opp_raise_deterrence"": 0.15, ""opp_raise_fold_scale"": 1.8, ""opp_raise_reraise_scale"": -0.4, ""overfolder_pressure_cut"": 0.2, ""overfolder_steal_boost"": 0.85, ""prior"": 1.0, ""station_call_boost"": 0.35, ""station_raise_cut"": 0.55, ""style_confidence_samples"": 28.0, ""style_min_samples"": 6.0, ""style_street_weight"": 0.45, ""vs_our_raise_fold_scale"": 1.0, ""vs_our_raise_reraise_deterrence"": 0.5}",911.875,443.125,629.375,371.25,898.75,38.75,663.125,368.75,973.75,139.375,134.375,196.875,220.0
coarse,46,483.654,434.279,49.375,0.7452,"{""belief_call_signal"": 0.05, ""belief_check_signal"": -0.03, ""belief_confidence_samples"": 18.0, ""belief_defense_call_scale"": 0.12, ""belief_defense_fold_scale"": 0.3, ""belief_defense_raise_scale"": 0.25, ""belief_late_street_scale"": 0.06, ""belief_pressure_call_scale"": 0.12, ""belief_pressure_fold_scale"": 0.25, ""belief_pressure_raise_scale"": 0.35, ""belief_raise_image_scale"": 0.1, ""belief_raise_signal"": 0.16, ""belief_tight_image_scale"": 0.14, ""belief_weight"": 0.18, ""exploit_enabled"": 1.0, ""field_guard"": 1.0, ""field_guard_strength"": 0.85, ""image_fold_call_scale"": 0.4, ""image_fold_reduce_fold_scale"": 0.7, ""image_raise_surprise_scale"": 0.5, ""maniac_call_boost"": 0.75, ""maniac_fold_cut"": 0.55, ""maniac_raise_cut"": 0.45, ""max_exploit_lambda"": 0.35, ""max_multiplier"": 1.6, ""max_shift"": 0.45, ""min_action_prob"": 0.01, ""min_exploit_signal"": 0.35, ""min_multiplier"": 0.5, ""min_samples"": 4.0, ""nit_facing_call_boost"": 0.25, ""nit_facing_fold_boost"": 0.65, ""nit_facing_raise_cut"": 0.45, ""nit_steal_boost"": 0.65, ""opp_raise_call_bonus"": 0.15, ""opp_raise_call_scale"": 1.4, ""opp_raise_deterrence"": 0.15, ""opp_raise_fold_scale"": 1.8, ""opp_raise_reraise_scale"": -0.4, ""overfolder_pressure_cut"": 0.2, ""overfolder_steal_boost"": 0.85, ""prior"": 1.0, ""station_call_boost"": 0.35, ""station_raise_cut"": 0.55, ""style_confidence_samples"": 28.0, ""style_min_samples"": 6.0, ""style_street_weight"": 0.45, ""vs_our_raise_fold_scale"": 1.0, ""vs_our_raise_reraise_deterrence"": 0.5}",928.125,498.75,586.875,298.75,760.625,196.875,214.375,554.375,958.125,49.375,366.25,91.25,141.875
coarse,47,89.856,376.731,-286.875,0.6971,"{""belief_call_signal"": 0.05, ""belief_check_signal"": -0.03, ""belief_confidence_samples"": 18.0, ""belief_defense_call_scale"": 0.12, ""belief_defense_fold_scale"": 0.3, ""belief_defense_raise_scale"": 0.25, ""belief_late_street_scale"": 0.06, ""belief_pressure_call_scale"": 0.12, ""belief_pressure_fold_scale"": 0.25, ""belief_pressure_raise_scale"": 0.35, ""belief_raise_image_scale"": 0.1, ""belief_raise_signal"": 0.16, ""belief_tight_image_scale"": 0.14, ""belief_weight"": 0.18, ""exploit_enabled"": 1.0, ""field_guard"": 1.0, ""field_guard_strength"": 0.85, ""image_fold_call_scale"": 0.4, ""image_fold_reduce_fold_scale"": 0.7, ""image_raise_surprise_scale"": 0.5, ""maniac_call_boost"": 0.75, ""maniac_fold_cut"": 0.55, ""maniac_raise_cut"": 0.45, ""max_exploit_lambda"": 0.35, ""max_multiplier"": 1.8, ""max_shift"": 0.45, ""min_action_prob"": 0.01, ""min_exploit_signal"": 0.35, ""min_multiplier"": 0.4, ""min_samples"": 4.0, ""nit_facing_call_boost"": 0.25, ""nit_facing_fold_boost"": 0.65, ""nit_facing_raise_cut"": 0.45, ""nit_steal_boost"": 0.65, ""opp_raise_call_bonus"": 0.15, ""opp_raise_call_scale"": 1.4, ""opp_raise_deterrence"": 0.15, ""opp_raise_fold_scale"": 1.8, ""opp_raise_reraise_scale"": -0.4, ""overfolder_pressure_cut"": 0.2, ""overfolder_steal_boost"": 0.85, ""prior"": 1.0, ""station_call_boost"": 0.35, ""station_raise_cut"": 0.55, ""style_confidence_samples"": 28.0, ""style_min_samples"": 6.0, ""style_street_weight"": 0.45, ""vs_our_raise_fold_scale"": 1.0, ""vs_our_raise_reraise_deterrence"": 0.5}",957.5,-139.375,324.375,343.125,993.125,28.75,541.875,642.5,975.0,18.75,190.625,308.125,-286.875
final,33,557.764,465.577,92.188,0.7464,"{""belief_call_signal"": 0.05, ""belief_check_signal"": -0.03, ""belief_confidence_samples"": 18.0, ""belief_defense_call_scale"": 0.12, ""belief_defense_fold_scale"": 0.3, ""belief_defense_raise_scale"": 0.25, ""belief_late_street_scale"": 0.06, ""belief_pressure_call_scale"": 0.12, ""belief_pressure_fold_scale"": 0.25, ""belief_pressure_raise_scale"": 0.35, ""belief_raise_image_scale"": 0.1, ""belief_raise_signal"": 0.16, ""belief_tight_image_scale"": 0.14, ""belief_weight"": 0.18, ""exploit_enabled"": 1.0, ""field_guard"": 1.0, ""field_guard_strength"": 0.85, ""image_fold_call_scale"": 0.4, ""image_fold_reduce_fold_scale"": 0.7, ""image_raise_surprise_scale"": 0.5, ""maniac_call_boost"": 0.75, ""maniac_fold_cut"": 0.55, ""maniac_raise_cut"": 0.45, ""max_exploit_lambda"": 0.35, ""max_multiplier"": 1.7, ""max_shift"": 0.6, ""min_action_prob"": 0.01, ""min_exploit_signal"": 0.35, ""min_multiplier"": 0.45, ""min_samples"": 8.0, ""nit_facing_call_boost"": 0.25, ""nit_facing_fold_boost"": 0.65, ""nit_facing_raise_cut"": 0.45, ""nit_steal_boost"": 0.65, ""opp_raise_call_bonus"": 0.15, ""opp_raise_call_scale"": 1.4, ""opp_raise_deterrence"": 0.15, ""opp_raise_fold_scale"": 1.8, ""opp_raise_reraise_scale"": -0.4, ""overfolder_pressure_cut"": 0.2, ""overfolder_steal_boost"": 0.85, ""prior"": 1.0, ""station_call_boost"": 0.35, ""station_raise_cut"": 0.55, ""style_confidence_samples"": 28.0, ""style_min_samples"": 6.0, ""style_street_weight"": 0.45, ""vs_our_raise_fold_scale"": 1.0, ""vs_our_raise_reraise_deterrence"": 0.5}",902.031,92.188,706.562,313.125,931.25,363.281,373.75,638.594,935.781,179.531,128.125,249.688,238.594
final,20,469.892,459.423,10.469,0.7392,"{""belief_call_signal"": 0.05, ""belief_check_signal"": -0.03, ""belief_confidence_samples"": 18.0, ""belief_defense_call_scale"": 0.12, ""belief_defense_fold_scale"": 0.3, ""belief_defense_raise_scale"": 0.25, ""belief_late_street_scale"": 0.06, ""belief_pressure_call_scale"": 0.12, ""belief_pressure_fold_scale"": 0.25, ""belief_pressure_raise_scale"": 0.35, ""belief_raise_image_scale"": 0.1, ""belief_raise_signal"": 0.16, ""belief_tight_image_scale"": 0.14, ""belief_weight"": 0.18, ""exploit_enabled"": 1.0, ""field_guard"": 1.0, ""field_guard_strength"": 0.85, ""image_fold_call_scale"": 0.4, ""image_fold_reduce_fold_scale"": 0.7, ""image_raise_surprise_scale"": 0.5, ""maniac_call_boost"": 0.75, ""maniac_fold_cut"": 0.55, ""maniac_raise_cut"": 0.45, ""max_exploit_lambda"": 0.35, ""max_multiplier"": 1.7, ""max_shift"": 0.45, ""min_action_prob"": 0.01, ""min_exploit_signal"": 0.35, ""min_multiplier"": 0.45, ""min_samples"": 4.0, ""nit_facing_call_boost"": 0.25, ""nit_facing_fold_boost"": 0.65, ""nit_facing_raise_cut"": 0.45, ""nit_steal_boost"": 0.65, ""opp_raise_call_bonus"": 0.15, ""opp_raise_call_scale"": 1.4, ""opp_raise_deterrence"": 0.15, ""opp_raise_fold_scale"": 1.8, ""opp_raise_reraise_scale"": -0.4, ""overfolder_pressure_cut"": 0.2, ""overfolder_steal_boost"": 0.85, ""prior"": 0.5, ""station_call_boost"": 0.35, ""station_raise_cut"": 0.55, ""style_confidence_samples"": 28.0, ""style_min_samples"": 6.0, ""style_street_weight"": 0.45, ""vs_our_raise_fold_scale"": 1.0, ""vs_our_raise_reraise_deterrence"": 0.5}",815.625,10.469,718.75,422.5,894.844,492.188,394.062,579.062,959.219,55.781,118.75,223.125,288.125
final,1,368.221,415.096,-46.875,0.7188,"{""belief_call_signal"": 0.05, ""belief_check_signal"": -0.03, ""belief_confidence_samples"": 18.0, ""belief_defense_call_scale"": 0.12, ""belief_defense_fold_scale"": 0.3, ""belief_defense_raise_scale"": 0.25, ""belief_late_street_scale"": 0.06, ""belief_pressure_call_scale"": 0.12, ""belief_pressure_fold_scale"": 0.25, ""belief_pressure_raise_scale"": 0.35, ""belief_raise_image_scale"": 0.1, ""belief_raise_signal"": 0.16, ""belief_tight_image_scale"": 0.14, ""belief_weight"": 0.18, ""exploit_enabled"": 1.0, ""field_guard"": 1.0, ""field_guard_strength"": 0.85, ""image_fold_call_scale"": 0.4, ""image_fold_reduce_fold_scale"": 0.7, ""image_raise_surprise_scale"": 0.5, ""maniac_call_boost"": 0.75, ""maniac_fold_cut"": 0.55, ""maniac_raise_cut"": 0.45, ""max_exploit_lambda"": 0.35, ""max_multiplier"": 1.0, ""max_shift"": 0.0, ""min_action_prob"": 0.01, ""min_exploit_signal"": 0.35, ""min_multiplier"": 1.0, ""min_samples"": 999.0, ""nit_facing_call_boost"": 0.25, ""nit_facing_fold_boost"": 0.65, ""nit_facing_raise_cut"": 0.45, ""nit_steal_boost"": 0.65, ""opp_raise_call_bonus"": 0.15, ""opp_raise_call_scale"": 1.4, ""opp_raise_deterrence"": 0.15, ""opp_raise_fold_scale"": 1.8, ""opp_raise_reraise_scale"": -0.4, ""overfolder_pressure_cut"": 0.2, ""overfolder_steal_boost"": 0.85, ""prior"": 1.0, ""station_call_boost"": 0.35, ""station_raise_cut"": 0.55, ""style_confidence_samples"": 28.0, ""style_min_samples"": 6.0, ""style_street_weight"": 0.45, ""vs_our_raise_fold_scale"": 1.0, ""vs_our_raise_reraise_deterrence"": 0.5}",873.438,-46.875,481.719,429.219,915.781,276.562,358.594,656.25,964.531,142.812,57.656,88.594,197.969
final,11,453.81,410.06,43.75,0.732,"{""belief_call_signal"": 0.05, ""belief_check_signal"": -0.03, ""belief_confidence_samples"": 48.0, ""belief_defense_call_scale"": 0.08, ""belief_defense_fold_scale"": 0.18, ""belief_defense_raise_scale"": 0.16, ""belief_late_street_scale"": 0.06, ""belief_pressure_call_scale"": 0.06, ""belief_pressure_fold_scale"": 0.1, ""belief_pressure_raise_scale"": 0.18, ""belief_raise_image_scale"": 0.1, ""belief_raise_signal"": 0.16, ""belief_tight_image_scale"": 0.14, ""belief_weight"": 0.04, ""exploit_enabled"": 1.0, ""field_guard"": 1.0, ""field_guard_strength"": 0.85, ""image_fold_call_scale"": 0.1, ""image_fold_reduce_fold_scale"": 0.18, ""image_raise_surprise_scale"": 0.1, ""maniac_call_boost"": 0.45, ""maniac_fold_cut"": 0.3, ""maniac_raise_cut"": 0.5, ""max_exploit_lambda"": 0.08, ""max_multiplier"": 1.14, ""max_shift"": 0.08, ""min_action_prob"": 0.01, ""min_exploit_signal"": 0.35, ""min_multiplier"": 0.88, ""min_samples"": 14.0, ""nit_facing_call_boost"": 0.2, ""nit_facing_fold_boost"": 0.8, ""nit_facing_raise_cut"": 0.7, ""nit_steal_boost"": 0.25, ""opp_raise_call_bonus"": 0.02, ""opp_raise_call_scale"": 0.45, ""opp_raise_deterrence"": 0.5, ""opp_raise_fold_scale"": 0.3, ""opp_raise_reraise_scale"": -0.55, ""overfolder_pressure_cut"": 0.35, ""overfolder_steal_boost"": 0.3, ""prior"": 2.0, ""station_call_boost"": 0.2, ""station_raise_cut"": 0.65, ""style_confidence_samples"": 60.0, ""style_min_samples"": 14.0, ""style_street_weight"": 0.45, ""vs_our_raise_fold_scale"": 0.35, ""vs_our_raise_reraise_deterrence"": 0.95}",792.656,287.969,532.812,303.438,889.688,402.031,280.781,535.938,956.719,43.75,83.594,145.781,75.625
final,29,528.618,461.274,67.344,0.7452,"{""belief_call_signal"": 0.05, ""belief_check_signal"": -0.03, ""belief_confidence_samples"": 18.0, ""belief_defense_call_scale"": 0.12, ""belief_defense_fold_scale"": 0.3, ""belief_defense_raise_scale"": 0.25, ""belief_late_street_scale"": 0.06, ""belief_pressure_call_scale"": 0.12, ""belief_pressure_fold_scale"": 0.25, ""belief_pressure_raise_scale"": 0.35, ""belief_raise_image_scale"": 0.1, ""belief_raise_signal"": 0.16, ""belief_tight_image_scale"": 0.14, ""belief_weight"": 0.18, ""exploit_enabled"": 1.0, ""field_guard"": 1.0, ""field_guard_strength"": 0.85, ""image_fold_call_scale"": 0.4, ""image_fold_reduce_fold_scale"": 0.7, ""image_raise_surprise_scale"": 0.5, ""maniac_call_boost"": 0.75, ""maniac_fold_cut"": 0.55, ""maniac_raise_cut"": 0.45, ""max_exploit_lambda"": 0.35, ""max_multiplier"": 1.7, ""max_shift"": 0.45, ""min_action_prob"": 0.01, ""min_exploit_signal"": 0.35, ""min_multiplier"": 0.45, ""min_samples"": 4.0, ""nit_facing_call_boost"": 0.25, ""nit_facing_fold_boost"": 0.65, ""nit_facing_raise_cut"": 0.45, ""nit_steal_boost"": 0.65, ""opp_raise_call_bonus"": 0.15, ""opp_raise_call_scale"": 1.4, ""opp_raise_deterrence"": 0.15, ""opp_raise_fold_scale"": 1.8, ""opp_raise_reraise_scale"": -0.4, ""overfolder_pressure_cut"": 0.2, ""overfolder_steal_boost"": 0.85, ""prior"": 1.0, ""station_call_boost"": 0.35, ""station_raise_cut"": 0.55, ""style_confidence_samples"": 28.0, ""style_min_samples"": 6.0, ""style_street_weight"": 0.45, ""vs_our_raise_fold_scale"": 1.0, ""vs_our_raise_reraise_deterrence"": 0.5}",901.875,271.875,702.5,512.188,919.375,208.438,415.781,606.562,932.188,180.781,67.344,115.938,161.719
